CreatedByName,CreatedByYomiName,CreatedOnBehalfByName,CreatedOnBehalfByYomiName,ModifiedByName,ModifiedByYomiName,ModifiedOnBehalfByName,ModifiedOnBehalfByYomiName,cs1_actionName,OrganizationIdName,cs1_reason_of_actionId,CreatedOn,CreatedBy,ModifiedOn,ModifiedBy,CreatedOnBehalfBy,ModifiedOnBehalfBy,OrganizationId,statecode,statuscode,VersionNumber,ImportSequenceNumber,OverriddenCreatedOn,TimeZoneRuleVersionNumber,UTCConversionTimeZoneCode,cs1_name,cs1_action
לא פעיל - keren Talmi,לא פעיל - keren Talmi,,,לא פעיל - keren Talmi,לא פעיל - keren Talmi,,,ביטול,yoel geva,08AA23FA-B68C-EA11-AC48-00505697537D,2020-05-02 20:53:35.000,343F6262-DF28-E311-8AA8-005056BD5C9D,2020-05-02 21:01:50.000,343F6262-DF28-E311-8AA8-005056BD5C9D,,,78FF9CED-FB9D-48C6-A5E7-65452530E32D,0,1,0x000000004C561D8D,,,,,מקוון - לאחר שיעור ניסיון,1B96B5C1-6287-E011-942D-005056BD3748
לא פעיל - keren Talmi,לא פעיל - keren Talmi,,,לא פעיל - keren Talmi,לא פעיל - keren Talmi,,,ביטול,yoel geva,D5994D18-B78C-EA11-AC48-00505697537D,2020-05-02 20:54:21.000,343F6262-DF28-E311-8AA8-005056BD5C9D,2020-05-02 20:54:21.000,343F6262-DF28-E311-8AA8-005056BD5C9D,,,78FF9CED-FB9D-48C6-A5E7-65452530E32D,0,1,0x000000004C55ED9D,,,,,מקוון - לא הגיע,1B96B5C1-6287-E011-942D-005056BD3748
לא פעיל - keren Talmi,לא פעיל - keren Talmi,,,לא פעיל - keren Talmi,לא פעיל - keren Talmi,,,ביטול,yoel geva,A6FD6F24-B78C-EA11-AC48-00505697537D,2020-05-02 20:54:42.000,343F6262-DF28-E311-8AA8-005056BD5C9D,2020-05-02 20:54:42.000,343F6262-DF28-E311-8AA8-005056BD5C9D,,,78FF9CED-FB9D-48C6-A5E7-65452530E32D,0,1,0x000000004C55F032,,,,,מקוון - לא מעוניין במקוון,1B96B5C1-6287-E011-942D-005056BD3748
לא פעיל - keren Talmi,לא פעיל - keren Talmi,,,לא פעיל - keren Talmi,לא פעיל - keren Talmi,,,דחיית מועד,yoel geva,846BBD26-BA8C-EA11-AC48-00505697537D,2020-05-02 21:16:15.000,343F6262-DF28-E311-8AA8-005056BD5C9D,2020-05-02 21:16:15.000,343F6262-DF28-E311-8AA8-005056BD5C9D,,,78FF9CED-FB9D-48C6-A5E7-65452530E32D,0,1,0x000000004C56800E,,,,,מקוון - לאחר שיעור ניסיון,54918CD7-6287-E011-942D-005056BD3748
לא פעיל - keren Talmi,לא פעיל - keren Talmi,,,לא פעיל - keren Talmi,לא פעיל - keren Talmi,,,דחיית מועד,yoel geva,ADA0C532-BA8C-EA11-AC48-00505697537D,2020-05-02 21:16:42.000,343F6262-DF28-E311-8AA8-005056BD5C9D,2020-05-02 21:16:42.000,343F6262-DF28-E311-8AA8-005056BD5C9D,,,78FF9CED-FB9D-48C6-A5E7-65452530E32D,0,1,0x000000004C5684A3,,,,,מקוון - לא הגיע,54918CD7-6287-E011-942D-005056BD3748
לא פעיל - keren Talmi,לא פעיל - keren Talmi,,,לא פעיל - keren Talmi,לא פעיל - keren Talmi,,,דחיית מועד,yoel geva,AEA2E53E-BA8C-EA11-AC48-00505697537D,2020-05-02 21:16:58.000,343F6262-DF28-E311-8AA8-005056BD5C9D,2020-05-02 21:16:58.000,343F6262-DF28-E311-8AA8-005056BD5C9D,,,78FF9CED-FB9D-48C6-A5E7-65452530E32D,0,1,0x000000004C568776,,,,,מקוון - לא מעוניין במקוון,54918CD7-6287-E011-942D-005056BD3748
לא פעיל - ilin Twito,לא פעיל - ilin Twito,,,לא פעיל - ilin Twito,לא פעיל - ilin Twito,,,המרה לאנגלית מדוברת,yoel geva,F79C9D14-9232-E911-AD77-00505697537D,2019-02-17 08:57:47.000,557775D3-5F7B-E711-94E8-00505697537D,2019-02-17 08:57:47.000,557775D3-5F7B-E711-94E8-00505697537D,,,78FF9CED-FB9D-48C6-A5E7-65452530E32D,0,1,0x000000003726A24D,,,,,אישיות - יכולת כלכלית,22FC1E0D-9232-E911-AD77-00505697537D
לא פעיל - ilin Twito,לא פעיל - ilin Twito,,,לא פעיל - ilin Twito,לא פעיל - ilin Twito,,,המרה לאנגלית מדוברת,yoel geva,2EAD241B-9232-E911-AD77-00505697537D,2019-02-17 08:57:52.000,557775D3-5F7B-E711-94E8-00505697537D,2019-02-17 08:57:52.000,557775D3-5F7B-E711-94E8-00505697537D,,,78FF9CED-FB9D-48C6-A5E7-65452530E32D,0,1,0x000000003726A254,,,,,אישיות - עבודה,22FC1E0D-9232-E911-AD77-00505697537D
לא פעיל - ilin Twito,לא פעיל - ilin Twito,,,לא פעיל - ilin Twito,לא פעיל - ilin Twito,,,המרה לאנגלית מדוברת,yoel geva,36AD241B-9232-E911-AD77-00505697537D,2019-02-17 08:57:59.000,557775D3-5F7B-E711-94E8-00505697537D,2019-02-17 08:57:59.000,557775D3-5F7B-E711-94E8-00505697537D,,,78FF9CED-FB9D-48C6-A5E7-65452530E32D,0,1,0x000000003726A266,,,,,אישיות - צבא,22FC1E0D-9232-E911-AD77-00505697537D
לא פעיל - ilin Twito,לא פעיל - ilin Twito,,,לא פעיל - ilin Twito,לא פעיל - ilin Twito,,,המרה לאנגלית מדוברת,yoel geva,EAB9462B-9232-E911-AD77-00505697537D,2019-02-17 08:58:19.000,557775D3-5F7B-E711-94E8-00505697537D,2019-02-17 08:58:19.000,557775D3-5F7B-E711-94E8-00505697537D,,,78FF9CED-FB9D-48C6-A5E7-65452530E32D,0,1,0x000000003726A287,,,,,אלטרנטיבה - מתקבל ללא פסיכומטרי,22FC1E0D-9232-E911-AD77-00505697537D
לא פעיל - ilin Twito,לא פעיל - ilin Twito,,,לא פעיל - ilin Twito,לא פעיל - ilin Twito,,,המרה לאנגלית מדוברת,yoel geva,EBB9462B-9232-E911-AD77-00505697537D,2019-02-17 08:58:24.000,557775D3-5F7B-E711-94E8-00505697537D,2019-02-17 08:58:24.000,557775D3-5F7B-E711-94E8-00505697537D,,,78FF9CED-FB9D-48C6-A5E7-65452530E32D,0,1,0x000000003726A292,,,,,החלטת יועץ,22FC1E0D-9232-E911-AD77-00505697537D
לא פעיל - ilin Twito,לא פעיל - ilin Twito,,,לא פעיל - ilin Twito,לא פעיל - ilin Twito,,,המרה לאנגלית מדוברת,yoel geva,36635431-9232-E911-AD77-00505697537D,2019-02-17 08:58:29.000,557775D3-5F7B-E711-94E8-00505697537D,2019-02-17 08:58:29.000,557775D3-5F7B-E711-94E8-00505697537D,,,78FF9CED-FB9D-48C6-A5E7-65452530E32D,0,1,0x000000003726A29E,,,,,יזום - לא מתאים,22FC1E0D-9232-E911-AD77-00505697537D
לא פעיל - rotem Lavi,לא פעיל - rotem Lavi,,,לא פעיל - rotem Lavi,לא פעיל - rotem Lavi,,,שינוי סניף,yoel geva,5DEB555C-74C0-E711-BFC0-00505697537D,2017-11-03 08:52:47.000,BB540BB9-57A2-E511-BAC6-005056BD5C9D,2017-11-03 08:52:47.000,BB540BB9-57A2-E511-BAC6-005056BD5C9D,,,78FF9CED-FB9D-48C6-A5E7-65452530E32D,0,1,0x000000001E7E7DE3,,,,,שינוי לפרו,D1BAE092-6387-E011-942D-005056BD3748
לא פעיל - rotem Lavi,לא פעיל - rotem Lavi,,,לא פעיל - rotem Lavi,לא פעיל - rotem Lavi,,,שינוי כיתה,yoel geva,28515064-74C0-E711-BFC0-00505697537D,2017-11-03 08:52:59.000,BB540BB9-57A2-E511-BAC6-005056BD5C9D,2017-11-03 08:52:59.000,BB540BB9-57A2-E511-BAC6-005056BD5C9D,,,78FF9CED-FB9D-48C6-A5E7-65452530E32D,0,1,0x000000001E7E7DEC,,,,,שינוי לפרו,D5847C83-6387-E011-942D-005056BD3748
לא פעיל - rotem Lavi,לא פעיל - rotem Lavi,,,לא פעיל - rotem Lavi,לא פעיל - rotem Lavi,,,דחיית מועד,yoel geva,633F226C-74C0-E711-BFC0-00505697537D,2017-11-03 08:53:13.000,BB540BB9-57A2-E511-BAC6-005056BD5C9D,2017-11-03 08:53:13.000,BB540BB9-57A2-E511-BAC6-005056BD5C9D,,,78FF9CED-FB9D-48C6-A5E7-65452530E32D,0,1,0x000000001E7E7DED,,,,,שינוי לפרו,54918CD7-6287-E011-942D-005056BD3748
לא פעיל - rotem Lavi,לא פעיל - rotem Lavi,,,לא פעיל - rotem Lavi,לא פעיל - rotem Lavi,,,הקדמת מועד,yoel geva,B6380774-74C0-E711-BFC0-00505697537D,2017-11-03 08:53:26.000,BB540BB9-57A2-E511-BAC6-005056BD5C9D,2017-11-03 08:53:26.000,BB540BB9-57A2-E511-BAC6-005056BD5C9D,,,78FF9CED-FB9D-48C6-A5E7-65452530E32D,0,1,0x000000001E7E7DEE,,,,,שינוי לפרו,9AFBEA11-6387-E011-942D-005056BD3748
לא פעיל - rotem Lavi,לא פעיל - rotem Lavi,,,לא פעיל - rotem Lavi,לא פעיל - rotem Lavi,,,המרה לפסיכומטרי,yoel geva,0E14A67A-74C0-E711-BFC0-00505697537D,2017-11-03 08:53:37.000,BB540BB9-57A2-E511-BAC6-005056BD5C9D,2017-11-03 08:53:37.000,BB540BB9-57A2-E511-BAC6-005056BD5C9D,,,78FF9CED-FB9D-48C6-A5E7-65452530E32D,0,1,0x000000001E7E7DF8,,,,,שינוי לפרו,8AEBCBF2-6287-E011-942D-005056BD3748
לא פעיל - rotem Lavi,לא פעיל - rotem Lavi,,,לא פעיל - rotem Lavi,לא פעיל - rotem Lavi,,,ביטול,yoel geva,3DF3540F-9030-E711-80D6-0050569937A8,2017-05-04 06:08:15.000,BB540BB9-57A2-E511-BAC6-005056BD5C9D,2017-05-04 06:08:15.000,BB540BB9-57A2-E511-BAC6-005056BD5C9D,,,78FF9CED-FB9D-48C6-A5E7-65452530E32D,0,1,0x000000001A8C3BA4,,,,,אלטרנטיבה - חוזר להיי קיו,1B96B5C1-6287-E011-942D-005056BD3748
e4d .,e4d .,,,Tal Sofer,Tal Sofer,,,ביטול,yoel geva,72930381-C389-E011-846C-005056BD3748,2011-05-29 07:16:00.000,3D4185CC-D55D-E011-8A44-005056BD3748,2011-06-15 12:05:49.000,A7D2E081-D65D-E011-8A44-005056BD3748,,,78FF9CED-FB9D-48C6-A5E7-65452530E32D,0,1,0x00000000000AAD68,,,,,לא מרוצה - מהמורה,1B96B5C1-6287-E011-942D-005056BD3748
e4d .,e4d .,,,e4d .,e4d .,,,המרה לפסיכומטרי,yoel geva,D6B5114B-2790-E011-846C-005056BD3748,2011-06-06 10:25:26.000,3D4185CC-D55D-E011-8A44-005056BD3748,2011-06-06 10:25:26.000,3D4185CC-D55D-E011-8A44-005056BD3748,,,78FF9CED-FB9D-48C6-A5E7-65452530E32D,0,1,0x0000000000091CCC,,,,,סיבת - המרה לפסיכומטרי,8AEBCBF2-6287-E011-942D-005056BD3748
Tal Sofer,Tal Sofer,,,Tal Sofer,Tal Sofer,,,ביטול,yoel geva,00FBA6DA-4797-E011-8D18-005056BD3748,2011-06-15 12:06:09.000,A7D2E081-D65D-E011-8A44-005056BD3748,2011-06-15 12:06:09.000,A7D2E081-D65D-E011-8A44-005056BD3748,,,78FF9CED-FB9D-48C6-A5E7-65452530E32D,0,1,0x00000000000AAD69,,,,,לא מרוצה - מהשירות,1B96B5C1-6287-E011-942D-005056BD3748
Tal Sofer,Tal Sofer,,,Tal Sofer,Tal Sofer,,,ביטול,yoel geva,987C7FCA-4897-E011-8D18-005056BD3748,2011-06-15 12:12:52.000,A7D2E081-D65D-E011-8A44-005056BD3748,2011-06-15 12:12:52.000,A7D2E081-D65D-E011-8A44-005056BD3748,,,78FF9CED-FB9D-48C6-A5E7-65452530E32D,0,1,0x00000000000AAD8B,,,,,אלטרנטיבה - מתחרים/מכינה,1B96B5C1-6287-E011-942D-005056BD3748
Tal Sofer,Tal Sofer,,,Tal Sofer,Tal Sofer,,,ביטול,yoel geva,D67547D7-4897-E011-8D18-005056BD3748,2011-06-15 12:13:13.000,A7D2E081-D65D-E011-8A44-005056BD3748,2011-06-15 12:13:13.000,A7D2E081-D65D-E011-8A44-005056BD3748,,,78FF9CED-FB9D-48C6-A5E7-65452530E32D,0,1,0x00000000000AAD8C,,,,,אלטרנטיבה - מחיר,1B96B5C1-6287-E011-942D-005056BD3748
Tal Sofer,Tal Sofer,,,Tal Sofer,Tal Sofer,,,ביטול,yoel geva,B53336E6-4897-E011-8D18-005056BD3748,2011-06-15 12:13:44.000,A7D2E081-D65D-E011-8A44-005056BD3748,2011-06-15 12:13:44.000,A7D2E081-D65D-E011-8A44-005056BD3748,,,78FF9CED-FB9D-48C6-A5E7-65452530E32D,0,1,0x00000000000AAD8D,,,,,אלטרנטיבה - מרחק,1B96B5C1-6287-E011-942D-005056BD3748
Tal Sofer,Tal Sofer,,,Tal Sofer,Tal Sofer,,,ביטול,yoel geva,B6F402F4-4897-E011-8D18-005056BD3748,2011-06-15 12:14:01.000,A7D2E081-D65D-E011-8A44-005056BD3748,2011-06-15 12:14:01.000,A7D2E081-D65D-E011-8A44-005056BD3748,,,78FF9CED-FB9D-48C6-A5E7-65452530E32D,0,1,0x00000000000AAD8E,,,,,אלטרנטיבה - תחבורה/חניה,1B96B5C1-6287-E011-942D-005056BD3748
Tal Sofer,Tal Sofer,,,Tal Sofer,Tal Sofer,,,ביטול,yoel geva,D2E3DCFA-4897-E011-8D18-005056BD3748,2011-06-15 12:14:13.000,A7D2E081-D65D-E011-8A44-005056BD3748,2011-06-15 12:14:13.000,A7D2E081-D65D-E011-8A44-005056BD3748,,,78FF9CED-FB9D-48C6-A5E7-65452530E32D,0,1,0x00000000000AAD8F,,,,,אלטרנטיבה - לימוד עצמי,1B96B5C1-6287-E011-942D-005056BD3748
Tal Sofer,Tal Sofer,,,Tal Sofer,Tal Sofer,,,ביטול,yoel geva,BCC2DA03-4997-E011-8D18-005056BD3748,2011-06-15 12:14:28.000,A7D2E081-D65D-E011-8A44-005056BD3748,2011-06-15 12:14:28.000,A7D2E081-D65D-E011-8A44-005056BD3748,,,78FF9CED-FB9D-48C6-A5E7-65452530E32D,0,1,0x00000000000AAD90,,,,,אלטרנטיבה - מורה פרטי,1B96B5C1-6287-E011-942D-005056BD3748
Tal Sofer,Tal Sofer,,,e4d .,e4d .,,,ביטול,yoel geva,421CC217-4997-E011-8D18-005056BD3748,2011-06-15 12:15:01.000,A7D2E081-D65D-E011-8A44-005056BD3748,2014-10-13 06:28:51.000,3D4185CC-D55D-E011-8A44-005056BD3748,,,78FF9CED-FB9D-48C6-A5E7-65452530E32D,0,1,0x000000000BBCE908,,,,,יזום - לא מתאים,1B96B5C1-6287-E011-942D-005056BD3748
Tal Sofer,Tal Sofer,,,e4d .,e4d .,,,ביטול,yoel geva,E187961E-4997-E011-8D18-005056BD3748,2011-06-15 12:15:13.000,A7D2E081-D65D-E011-8A44-005056BD3748,2014-10-13 06:28:51.000,3D4185CC-D55D-E011-8A44-005056BD3748,,,78FF9CED-FB9D-48C6-A5E7-65452530E32D,0,1,0x000000000BBCE8FD,,,,,יזום - הפסיד שיעור,1B96B5C1-6287-E011-942D-005056BD3748
Tal Sofer,Tal Sofer,,,e4d .,e4d .,,,ביטול,yoel geva,429F5427-4997-E011-8D18-005056BD3748,2011-06-15 12:15:27.000,A7D2E081-D65D-E011-8A44-005056BD3748,2014-10-13 06:28:51.000,3D4185CC-D55D-E011-8A44-005056BD3748,,,78FF9CED-FB9D-48C6-A5E7-65452530E32D,0,1,0x000000000BBCE8FF,,,,,יזום - לא הגיע למבדק,1B96B5C1-6287-E011-942D-005056BD3748
לא פעיל-Ron Lerner,לא פעיל-Ron Lerner,,,לא פעיל-Ron Lerner,לא פעיל-Ron Lerner,,,ביטול,yoel geva,439F5427-4997-E011-8D18-005056BD3748,2011-06-15 12:15:32.000,BB3D9007-DA5D-E011-8A44-005056BD3748,2011-06-15 12:15:32.000,BB3D9007-DA5D-E011-8A44-005056BD3748,,,78FF9CED-FB9D-48C6-A5E7-65452530E32D,0,1,0x00000000000AAD94,,,,,טכני - אילוץ בית ספר עקב שינוי מערכת,1B96B5C1-6287-E011-942D-005056BD3748
Tal Sofer,Tal Sofer,,,e4d .,e4d .,,,ביטול,yoel geva,44AB6A33-4997-E011-8D18-005056BD3748,2011-06-15 12:15:48.000,A7D2E081-D65D-E011-8A44-005056BD3748,2014-10-13 06:28:50.000,3D4185CC-D55D-E011-8A44-005056BD3748,,,78FF9CED-FB9D-48C6-A5E7-65452530E32D,0,1,0x000000000BBCE8F6,,,,,יזום - החלטת מורה,1B96B5C1-6287-E011-942D-005056BD3748
לא פעיל-Ron Lerner,לא פעיל-Ron Lerner,,,לא פעיל-Ron Lerner,לא פעיל-Ron Lerner,,,ביטול,yoel geva,45AB6A33-4997-E011-8D18-005056BD3748,2011-06-15 12:15:57.000,BB3D9007-DA5D-E011-8A44-005056BD3748,2011-06-15 12:15:57.000,BB3D9007-DA5D-E011-8A44-005056BD3748,,,78FF9CED-FB9D-48C6-A5E7-65452530E32D,0,1,0x00000000000AADB8,,,,,טכני - טעות טכנית בהרשמה,1B96B5C1-6287-E011-942D-005056BD3748
Tal Sofer,Tal Sofer,,,e4d .,e4d .,,,ביטול,yoel geva,A8278C3C-4997-E011-8D18-005056BD3748,2011-06-15 12:16:03.000,A7D2E081-D65D-E011-8A44-005056BD3748,2014-10-13 06:28:51.000,3D4185CC-D55D-E011-8A44-005056BD3748,,,78FF9CED-FB9D-48C6-A5E7-65452530E32D,0,1,0x000000000BBCE906,,,,,יזום - לא הסדיר חוב,1B96B5C1-6287-E011-942D-005056BD3748
Tal Sofer,Tal Sofer,,,Tal Sofer,Tal Sofer,,,ביטול,yoel geva,6C10BB46-4997-E011-8D18-005056BD3748,2011-06-15 12:16:20.000,A7D2E081-D65D-E011-8A44-005056BD3748,2011-06-15 12:16:20.000,A7D2E081-D65D-E011-8A44-005056BD3748,,,78FF9CED-FB9D-48C6-A5E7-65452530E32D,0,1,0x00000000000AADBA,,,,,אישיות - מערכת שעות עמוסה,1B96B5C1-6287-E011-942D-005056BD3748
לא פעיל-Ron Lerner,לא פעיל-Ron Lerner,,,לא פעיל-Ron Lerner,לא פעיל-Ron Lerner,,,ביטול,yoel geva,6D10BB46-4997-E011-8D18-005056BD3748,2011-06-15 12:16:22.000,BB3D9007-DA5D-E011-8A44-005056BD3748,2011-06-15 12:16:22.000,BB3D9007-DA5D-E011-8A44-005056BD3748,,,78FF9CED-FB9D-48C6-A5E7-65452530E32D,0,1,0x00000000000AADBB,,,,,טכני - חפיפה במערכת השעות,1B96B5C1-6287-E011-942D-005056BD3748
Tal Sofer,Tal Sofer,,,Tal Sofer,Tal Sofer,,,ביטול,yoel geva,9A36BC4F-4997-E011-8D18-005056BD3748,2011-06-15 12:16:35.000,A7D2E081-D65D-E011-8A44-005056BD3748,2011-06-15 12:16:35.000,A7D2E081-D65D-E011-8A44-005056BD3748,,,78FF9CED-FB9D-48C6-A5E7-65452530E32D,0,1,0x00000000000AADBC,,,,,אישיות - בעיה רפואית/משפחתית,1B96B5C1-6287-E011-942D-005056BD3748
Tal Sofer,Tal Sofer,,,Tal Sofer,Tal Sofer,,,ביטול,yoel geva,22D2D656-4997-E011-8D18-005056BD3748,2011-06-15 12:16:47.000,A7D2E081-D65D-E011-8A44-005056BD3748,2011-06-15 12:16:47.000,A7D2E081-D65D-E011-8A44-005056BD3748,,,78FF9CED-FB9D-48C6-A5E7-65452530E32D,0,1,0x00000000000AADBD,,,,,אישיות - הקדמת גיוס,1B96B5C1-6287-E011-942D-005056BD3748
לא פעיל-Ron Lerner,לא פעיל-Ron Lerner,,,לא פעיל-Ron Lerner,לא פעיל-Ron Lerner,,,ביטול,yoel geva,23D2D656-4997-E011-8D18-005056BD3748,2011-06-15 12:16:54.000,BB3D9007-DA5D-E011-8A44-005056BD3748,2011-06-15 12:16:54.000,BB3D9007-DA5D-E011-8A44-005056BD3748,,,78FF9CED-FB9D-48C6-A5E7-65452530E32D,0,1,0x00000000000AADBE,,,,,טכני - שינוי תוכנית לימודים ביואל גבע,1B96B5C1-6287-E011-942D-005056BD3748
Tal Sofer,Tal Sofer,,,Tal Sofer,Tal Sofer,,,ביטול,yoel geva,8AFBA05F-4997-E011-8D18-005056BD3748,2011-06-15 12:17:02.000,A7D2E081-D65D-E011-8A44-005056BD3748,2011-06-15 12:17:02.000,A7D2E081-D65D-E011-8A44-005056BD3748,,,78FF9CED-FB9D-48C6-A5E7-65452530E32D,0,1,0x00000000000AADBF,,,,,אישיות - צבא,1B96B5C1-6287-E011-942D-005056BD3748
Tal Sofer,Tal Sofer,,,Tal Sofer,Tal Sofer,,,ביטול,yoel geva,8BFBA05F-4997-E011-8D18-005056BD3748,2011-06-15 12:17:11.000,A7D2E081-D65D-E011-8A44-005056BD3748,2011-06-15 12:17:11.000,A7D2E081-D65D-E011-8A44-005056BD3748,,,78FF9CED-FB9D-48C6-A5E7-65452530E32D,0,1,0x00000000000AADC0,,,,,אישיות - עבודה,1B96B5C1-6287-E011-942D-005056BD3748
לא פעיל-Ron Lerner,לא פעיל-Ron Lerner,,,לא פעיל-Ron Lerner,לא פעיל-Ron Lerner,,,ביטול,yoel geva,D8C22066-4997-E011-8D18-005056BD3748,2011-06-15 12:17:13.000,BB3D9007-DA5D-E011-8A44-005056BD3748,2011-06-15 12:17:13.000,BB3D9007-DA5D-E011-8A44-005056BD3748,,,78FF9CED-FB9D-48C6-A5E7-65452530E32D,0,1,0x00000000000AADC1,,,,,טכני - לא נמצא קורס מתאים במערכת,1B96B5C1-6287-E011-942D-005056BD3748
Tal Sofer,Tal Sofer,,,Tal Sofer,Tal Sofer,,,ביטול,yoel geva,C8AA2270-4997-E011-8D18-005056BD3748,2011-06-15 12:17:30.000,A7D2E081-D65D-E011-8A44-005056BD3748,2016-04-03 07:46:57.000,A7D2E081-D65D-E011-8A44-005056BD3748,,,78FF9CED-FB9D-48C6-A5E7-65452530E32D,0,1,0x0000000012E410F2,,,,,"אישיות - חו""ל",1B96B5C1-6287-E011-942D-005056BD3748
לא פעיל-Ron Lerner,לא פעיל-Ron Lerner,,,לא פעיל-Ron Lerner,לא פעיל-Ron Lerner,,,ביטול,yoel geva,E0C62D77-4997-E011-8D18-005056BD3748,2011-06-15 12:17:41.000,BB3D9007-DA5D-E011-8A44-005056BD3748,2011-06-15 12:17:41.000,BB3D9007-DA5D-E011-8A44-005056BD3748,,,78FF9CED-FB9D-48C6-A5E7-65452530E32D,0,1,0x00000000000AADC3,,,,,אישיות - הפסיד שיעור,1B96B5C1-6287-E011-942D-005056BD3748
Tal Sofer,Tal Sofer,,,Tal Sofer,Tal Sofer,,,ביטול,yoel geva,E1C62D77-4997-E011-8D18-005056BD3748,2011-06-15 12:17:47.000,A7D2E081-D65D-E011-8A44-005056BD3748,2011-06-15 12:17:47.000,A7D2E081-D65D-E011-8A44-005056BD3748,,,78FF9CED-FB9D-48C6-A5E7-65452530E32D,0,1,0x00000000000AADC4,,,,,אישיות - לא מוכן מנטאלית,1B96B5C1-6287-E011-942D-005056BD3748
לא פעיל-Ron Lerner,לא פעיל-Ron Lerner,,,לא פעיל-Ron Lerner,לא פעיל-Ron Lerner,,,ביטול,yoel geva,B4FB9780-4997-E011-8D18-005056BD3748,2011-06-15 12:17:57.000,BB3D9007-DA5D-E011-8A44-005056BD3748,2011-06-15 12:17:57.000,BB3D9007-DA5D-E011-8A44-005056BD3748,,,78FF9CED-FB9D-48C6-A5E7-65452530E32D,0,1,0x00000000000AADC5,,,,,אישיות - שינה כיוון לימודים,1B96B5C1-6287-E011-942D-005056BD3748
Tal Sofer,Tal Sofer,,,Tal Sofer,Tal Sofer,,,ביטול,yoel geva,B5FB9780-4997-E011-8D18-005056BD3748,2011-06-15 12:18:03.000,A7D2E081-D65D-E011-8A44-005056BD3748,2011-06-15 12:18:03.000,A7D2E081-D65D-E011-8A44-005056BD3748,,,78FF9CED-FB9D-48C6-A5E7-65452530E32D,0,1,0x00000000000AADC6,,,,,אישיות - התקבל ללימודים,1B96B5C1-6287-E011-942D-005056BD3748
לא פעיל-Ron Lerner,לא פעיל-Ron Lerner,,,Tal Sofer,Tal Sofer,,,ביטול,yoel geva,8831058C-4997-E011-8D18-005056BD3748,2011-06-15 12:18:16.000,BB3D9007-DA5D-E011-8A44-005056BD3748,2014-10-22 07:29:05.000,A7D2E081-D65D-E011-8A44-005056BD3748,,,78FF9CED-FB9D-48C6-A5E7-65452530E32D,0,1,0x000000000BD50F57,,,,,אישיות - מוותר על לימודים אקדמיים,1B96B5C1-6287-E011-942D-005056BD3748
לא פעיל-Ron Lerner,לא פעיל-Ron Lerner,,,לא פעיל-Ron Lerner,לא פעיל-Ron Lerner,,,דחיית מועד,yoel geva,967A58A4-4997-E011-8D18-005056BD3748,2011-06-15 12:18:57.000,BB3D9007-DA5D-E011-8A44-005056BD3748,2011-06-15 12:18:57.000,BB3D9007-DA5D-E011-8A44-005056BD3748,,,78FF9CED-FB9D-48C6-A5E7-65452530E32D,0,1,0x00000000000AADE2,,,,,טכני - שינוי תוכנית לימודים ביואל גבע,54918CD7-6287-E011-942D-005056BD3748
Tal Sofer,Tal Sofer,,,Tal Sofer,Tal Sofer,,,דחיית מועד,yoel geva,977A58A4-4997-E011-8D18-005056BD3748,2011-06-15 12:19:04.000,A7D2E081-D65D-E011-8A44-005056BD3748,2011-06-15 12:19:04.000,A7D2E081-D65D-E011-8A44-005056BD3748,,,78FF9CED-FB9D-48C6-A5E7-65452530E32D,0,1,0x00000000000AADE3,,,,,לא מרוצה - מהמורה,54918CD7-6287-E011-942D-005056BD3748
Tal Sofer,Tal Sofer,,,e4d .,e4d .,,,דחיית מועד,yoel geva,5CA4CAB2-4997-E011-8D18-005056BD3748,2011-06-15 12:19:21.000,A7D2E081-D65D-E011-8A44-005056BD3748,2014-10-13 06:28:51.000,3D4185CC-D55D-E011-8A44-005056BD3748,,,78FF9CED-FB9D-48C6-A5E7-65452530E32D,0,1,0x000000000BBCE8FE,,,,,יזום - הפסיד שיעור,54918CD7-6287-E011-942D-005056BD3748
לא פעיל-Ron Lerner,לא פעיל-Ron Lerner,,,לא פעיל-Ron Lerner,לא פעיל-Ron Lerner,,,דחיית מועד,yoel geva,5DA4CAB2-4997-E011-8D18-005056BD3748,2011-06-15 12:19:29.000,BB3D9007-DA5D-E011-8A44-005056BD3748,2011-06-15 12:19:29.000,BB3D9007-DA5D-E011-8A44-005056BD3748,,,78FF9CED-FB9D-48C6-A5E7-65452530E32D,0,1,0x00000000000AADE5,,,,,טכני - החלפה בין מועדים,54918CD7-6287-E011-942D-005056BD3748
Tal Sofer,Tal Sofer,,,e4d .,e4d .,,,דחיית מועד,yoel geva,0471F7BA-4997-E011-8D18-005056BD3748,2011-06-15 12:19:35.000,A7D2E081-D65D-E011-8A44-005056BD3748,2014-10-13 06:28:50.000,3D4185CC-D55D-E011-8A44-005056BD3748,,,78FF9CED-FB9D-48C6-A5E7-65452530E32D,0,1,0x000000000BBCE8F7,,,,,יזום - החלטת מורה,54918CD7-6287-E011-942D-005056BD3748
לא פעיל-Ron Lerner,לא פעיל-Ron Lerner,,,לא פעיל-Ron Lerner,לא פעיל-Ron Lerner,,,דחיית מועד,yoel geva,562864C2-4997-E011-8D18-005056BD3748,2011-06-15 12:19:48.000,BB3D9007-DA5D-E011-8A44-005056BD3748,2011-06-15 12:19:48.000,BB3D9007-DA5D-E011-8A44-005056BD3748,,,78FF9CED-FB9D-48C6-A5E7-65452530E32D,0,1,0x00000000000AADE7,,,,,טכני - טעות טכנית בהרשמה,54918CD7-6287-E011-942D-005056BD3748
Tal Sofer,Tal Sofer,,,e4d .,e4d .,,,דחיית מועד,yoel geva,2E4BB5C8-4997-E011-8D18-005056BD3748,2011-06-15 12:19:58.000,A7D2E081-D65D-E011-8A44-005056BD3748,2014-10-13 06:28:51.000,3D4185CC-D55D-E011-8A44-005056BD3748,,,78FF9CED-FB9D-48C6-A5E7-65452530E32D,0,1,0x000000000BBCE907,,,,,יזום - לא הסדיר חוב,54918CD7-6287-E011-942D-005056BD3748
לא פעיל-Ron Lerner,לא פעיל-Ron Lerner,,,לא פעיל-Ron Lerner,לא פעיל-Ron Lerner,,,דחיית מועד,yoel geva,2F4BB5C8-4997-E011-8D18-005056BD3748,2011-06-15 12:20:01.000,BB3D9007-DA5D-E011-8A44-005056BD3748,2011-06-15 12:20:01.000,BB3D9007-DA5D-E011-8A44-005056BD3748,,,78FF9CED-FB9D-48C6-A5E7-65452530E32D,0,1,0x00000000000AADE9,,,,,טכני - לא נמצא קורס מתאים במערכת,54918CD7-6287-E011-942D-005056BD3748
לא פעיל-Ron Lerner,לא פעיל-Ron Lerner,,,לא פעיל-Ron Lerner,לא פעיל-Ron Lerner,,,דחיית מועד,yoel geva,FCDF85D2-4997-E011-8D18-005056BD3748,2011-06-15 12:20:15.000,BB3D9007-DA5D-E011-8A44-005056BD3748,2011-06-15 12:20:15.000,BB3D9007-DA5D-E011-8A44-005056BD3748,,,78FF9CED-FB9D-48C6-A5E7-65452530E32D,0,1,0x00000000000AAE01,,,,,טכני - חפיפה במערכת השעות,54918CD7-6287-E011-942D-005056BD3748
Tal Sofer,Tal Sofer,,,e4d .,e4d .,,,דחיית מועד,yoel geva,FDDF85D2-4997-E011-8D18-005056BD3748,2011-06-15 12:20:20.000,A7D2E081-D65D-E011-8A44-005056BD3748,2014-10-13 06:28:51.000,3D4185CC-D55D-E011-8A44-005056BD3748,,,78FF9CED-FB9D-48C6-A5E7-65452530E32D,0,1,0x000000000BBCE901,,,,,יזום - לא הגיע למבדק,54918CD7-6287-E011-942D-005056BD3748
לא פעיל-Ron Lerner,לא פעיל-Ron Lerner,,,לא פעיל-Ron Lerner,לא פעיל-Ron Lerner,,,דחיית מועד,yoel geva,B6F6ECDC-4997-E011-8D18-005056BD3748,2011-06-15 12:20:32.000,BB3D9007-DA5D-E011-8A44-005056BD3748,2011-06-15 12:20:32.000,BB3D9007-DA5D-E011-8A44-005056BD3748,,,78FF9CED-FB9D-48C6-A5E7-65452530E32D,0,1,0x00000000000AAE03,,,,,טכני - אילוץ בית ספר עקב שינוי מערכת,54918CD7-6287-E011-942D-005056BD3748
Tal Sofer,Tal Sofer,,,Tal Sofer,Tal Sofer,,,דחיית מועד,yoel geva,B7F6ECDC-4997-E011-8D18-005056BD3748,2011-06-15 12:20:37.000,A7D2E081-D65D-E011-8A44-005056BD3748,2011-06-15 12:20:37.000,A7D2E081-D65D-E011-8A44-005056BD3748,,,78FF9CED-FB9D-48C6-A5E7-65452530E32D,0,1,0x00000000000AAE04,,,,,אישיות - העדפת מורה,54918CD7-6287-E011-942D-005056BD3748
Tal Sofer,Tal Sofer,,,Tal Sofer,Tal Sofer,,,דחיית מועד,yoel geva,2AC954E6-4997-E011-8D18-005056BD3748,2011-06-15 12:20:48.000,A7D2E081-D65D-E011-8A44-005056BD3748,2011-06-15 12:20:48.000,A7D2E081-D65D-E011-8A44-005056BD3748,,,78FF9CED-FB9D-48C6-A5E7-65452530E32D,0,1,0x00000000000AAE05,,,,,אישיות - חבר,54918CD7-6287-E011-942D-005056BD3748
Tal Sofer,Tal Sofer,,,Tal Sofer,Tal Sofer,,,דחיית מועד,yoel geva,421694F0-4997-E011-8D18-005056BD3748,2011-06-15 12:21:05.000,A7D2E081-D65D-E011-8A44-005056BD3748,2017-12-28 12:58:36.000,A7D2E081-D65D-E011-8A44-005056BD3748,,,78FF9CED-FB9D-48C6-A5E7-65452530E32D,0,1,0x000000001FD65476,,,,,אישיות - מעוניין להגיש הקלות,54918CD7-6287-E011-942D-005056BD3748
לא פעיל-Ron Lerner,לא פעיל-Ron Lerner,,,לא פעיל-Ron Lerner,לא פעיל-Ron Lerner,,,דחיית מועד,yoel geva,431694F0-4997-E011-8D18-005056BD3748,2011-06-15 12:21:05.000,BB3D9007-DA5D-E011-8A44-005056BD3748,2011-06-15 12:21:05.000,BB3D9007-DA5D-E011-8A44-005056BD3748,,,78FF9CED-FB9D-48C6-A5E7-65452530E32D,0,1,0x00000000000AAE07,,,,,אישיות - הפסיד שיעור,54918CD7-6287-E011-942D-005056BD3748
Tal Sofer,Tal Sofer,,,Tal Sofer,Tal Sofer,,,דחיית מועד,yoel geva,90D40BF8-4997-E011-8D18-005056BD3748,2011-06-15 12:21:18.000,A7D2E081-D65D-E011-8A44-005056BD3748,2011-06-15 12:21:18.000,A7D2E081-D65D-E011-8A44-005056BD3748,,,78FF9CED-FB9D-48C6-A5E7-65452530E32D,0,1,0x00000000000AAE08,,,,,אישיות - מעוניין במועד עם נוסח,54918CD7-6287-E011-942D-005056BD3748
לא פעיל-Ron Lerner,לא פעיל-Ron Lerner,,,לא פעיל-Ron Lerner,לא פעיל-Ron Lerner,,,דחיית מועד,yoel geva,4466F1FF-4997-E011-8D18-005056BD3748,2011-06-15 12:21:31.000,BB3D9007-DA5D-E011-8A44-005056BD3748,2011-06-15 12:21:31.000,BB3D9007-DA5D-E011-8A44-005056BD3748,,,78FF9CED-FB9D-48C6-A5E7-65452530E32D,0,1,0x00000000000AAE09,,,,,אישיות - לא מוכן מנטאלית להתחיל ללמוד,54918CD7-6287-E011-942D-005056BD3748
לא פעיל-Ron Lerner,לא פעיל-Ron Lerner,,,לא פעיל-Ron Lerner,לא פעיל-Ron Lerner,,,דחיית מועד,yoel geva,9603490C-4A97-E011-8D18-005056BD3748,2011-06-15 12:21:52.000,BB3D9007-DA5D-E011-8A44-005056BD3748,2011-06-15 12:21:52.000,BB3D9007-DA5D-E011-8A44-005056BD3748,,,78FF9CED-FB9D-48C6-A5E7-65452530E32D,0,1,0x00000000000AAE0B,,,,,אישיות - בעיה רפואית/משפחתית,54918CD7-6287-E011-942D-005056BD3748
Tal Sofer,Tal Sofer,,,Tal Sofer,Tal Sofer,,,דחיית מועד,yoel geva,9703490C-4A97-E011-8D18-005056BD3748,2011-06-15 12:21:55.000,A7D2E081-D65D-E011-8A44-005056BD3748,2011-06-15 12:21:55.000,A7D2E081-D65D-E011-8A44-005056BD3748,,,78FF9CED-FB9D-48C6-A5E7-65452530E32D,0,1,0x00000000000AAE0C,,,,,אישיות - מערכת שעות עמוסה,54918CD7-6287-E011-942D-005056BD3748
לא פעיל-Ron Lerner,לא פעיל-Ron Lerner,,,לא פעיל-Ron Lerner,לא פעיל-Ron Lerner,,,דחיית מועד,yoel geva,5E0A9014-4A97-E011-8D18-005056BD3748,2011-06-15 12:22:05.000,BB3D9007-DA5D-E011-8A44-005056BD3748,2011-06-15 12:22:05.000,BB3D9007-DA5D-E011-8A44-005056BD3748,,,78FF9CED-FB9D-48C6-A5E7-65452530E32D,0,1,0x00000000000AAE0D,,,,,אישיות - מרחק,54918CD7-6287-E011-942D-005056BD3748
Tal Sofer,Tal Sofer,,,Tal Sofer,Tal Sofer,,,דחיית מועד,yoel geva,5F0A9014-4A97-E011-8D18-005056BD3748,2011-06-15 12:22:11.000,A7D2E081-D65D-E011-8A44-005056BD3748,2011-06-15 12:22:11.000,A7D2E081-D65D-E011-8A44-005056BD3748,,,78FF9CED-FB9D-48C6-A5E7-65452530E32D,0,1,0x00000000000AAE0E,,,,,"אישיות - חו""ל",54918CD7-6287-E011-942D-005056BD3748
Tal Sofer,Tal Sofer,,,Tal Sofer,Tal Sofer,,,דחיית מועד,yoel geva,BC61921D-4A97-E011-8D18-005056BD3748,2011-06-15 12:22:21.000,A7D2E081-D65D-E011-8A44-005056BD3748,2011-06-15 12:22:21.000,A7D2E081-D65D-E011-8A44-005056BD3748,,,78FF9CED-FB9D-48C6-A5E7-65452530E32D,0,1,0x00000000000AAE0F,,,,,אישיות - עבודה,54918CD7-6287-E011-942D-005056BD3748
לא פעיל-Ron Lerner,לא פעיל-Ron Lerner,,,לא פעיל-Ron Lerner,לא פעיל-Ron Lerner,,,דחיית מועד,yoel geva,BD61921D-4A97-E011-8D18-005056BD3748,2011-06-15 12:22:26.000,BB3D9007-DA5D-E011-8A44-005056BD3748,2011-06-15 12:22:26.000,BB3D9007-DA5D-E011-8A44-005056BD3748,,,78FF9CED-FB9D-48C6-A5E7-65452530E32D,0,1,0x00000000000AAE10,,,,,אישיות - צבא,54918CD7-6287-E011-942D-005056BD3748
Tal Sofer,Tal Sofer,,,e4d .,e4d .,,,המרה לבגרות,yoel geva,E8CAF846-4A97-E011-8D18-005056BD3748,2011-06-15 12:23:30.000,A7D2E081-D65D-E011-8A44-005056BD3748,2014-10-13 06:28:51.000,3D4185CC-D55D-E011-8A44-005056BD3748,,,78FF9CED-FB9D-48C6-A5E7-65452530E32D,0,1,0x000000000BBCE909,,,,,יזום - לא מתאים,C06A08E6-6287-E011-942D-005056BD3748
Tal Sofer,Tal Sofer,,,Tal Sofer,Tal Sofer,,,המרה לבגרות,yoel geva,76A04B52-4A97-E011-8D18-005056BD3748,2011-06-15 12:23:49.000,A7D2E081-D65D-E011-8A44-005056BD3748,2011-06-15 12:23:49.000,A7D2E081-D65D-E011-8A44-005056BD3748,,,78FF9CED-FB9D-48C6-A5E7-65452530E32D,0,1,0x00000000000AAE12,,,,,אלטרנטיבה - מתקבל ללא פסיכומטרי,C06A08E6-6287-E011-942D-005056BD3748
Tal Sofer,Tal Sofer,,,Tal Sofer,Tal Sofer,,,המרה לבגרות,yoel geva,687C415E-4A97-E011-8D18-005056BD3748,2011-06-15 12:24:09.000,A7D2E081-D65D-E011-8A44-005056BD3748,2011-06-15 12:24:09.000,A7D2E081-D65D-E011-8A44-005056BD3748,,,78FF9CED-FB9D-48C6-A5E7-65452530E32D,0,1,0x00000000000AAE13,,,,,אישיות - עבודה,C06A08E6-6287-E011-942D-005056BD3748
Tal Sofer,Tal Sofer,,,Tal Sofer,Tal Sofer,,,המרה לבגרות,yoel geva,943EE268-4A97-E011-8D18-005056BD3748,2011-06-15 12:24:27.000,A7D2E081-D65D-E011-8A44-005056BD3748,2011-06-15 12:24:27.000,A7D2E081-D65D-E011-8A44-005056BD3748,,,78FF9CED-FB9D-48C6-A5E7-65452530E32D,0,1,0x00000000000AAE14,,,,,אישיות - צבא,C06A08E6-6287-E011-942D-005056BD3748
Tal Sofer,Tal Sofer,,,Tal Sofer,Tal Sofer,,,המרה לבגרות,yoel geva,F0E9437B-4A97-E011-8D18-005056BD3748,2011-06-15 12:24:58.000,A7D2E081-D65D-E011-8A44-005056BD3748,2011-06-15 12:24:58.000,A7D2E081-D65D-E011-8A44-005056BD3748,,,78FF9CED-FB9D-48C6-A5E7-65452530E32D,0,1,0x00000000000AAE15,,,,,אישיות - קורס בגרות מקדם יותר,C06A08E6-6287-E011-942D-005056BD3748
Tal Sofer,Tal Sofer,,,e4d .,e4d .,,,המרה לפסיכומטרי,yoel geva,56D5D385-4A97-E011-8D18-005056BD3748,2011-06-15 12:25:15.000,A7D2E081-D65D-E011-8A44-005056BD3748,2014-10-13 06:28:51.000,3D4185CC-D55D-E011-8A44-005056BD3748,,,78FF9CED-FB9D-48C6-A5E7-65452530E32D,0,1,0x000000000BBCE90A,,,,,יזום - לא מתאים,8AEBCBF2-6287-E011-942D-005056BD3748
Tal Sofer,Tal Sofer,,,Tal Sofer,Tal Sofer,,,המרה לפסיכומטרי,yoel geva,5698A190-4A97-E011-8D18-005056BD3748,2011-06-15 12:25:34.000,A7D2E081-D65D-E011-8A44-005056BD3748,2011-06-15 12:25:34.000,A7D2E081-D65D-E011-8A44-005056BD3748,,,78FF9CED-FB9D-48C6-A5E7-65452530E32D,0,1,0x00000000000AAE17,,,,,אלטרנטיבה - לימוד עצמי,8AEBCBF2-6287-E011-942D-005056BD3748
Tal Sofer,Tal Sofer,,,Tal Sofer,Tal Sofer,,,המרה לפסיכומטרי,yoel geva,FC8A02A5-4A97-E011-8D18-005056BD3748,2011-06-15 12:26:08.000,A7D2E081-D65D-E011-8A44-005056BD3748,2011-06-15 12:26:08.000,A7D2E081-D65D-E011-8A44-005056BD3748,,,78FF9CED-FB9D-48C6-A5E7-65452530E32D,0,1,0x00000000000AAE18,,,,,אלטרנטיבה - מורה פרטי,8AEBCBF2-6287-E011-942D-005056BD3748
לא פעיל-Ron Lerner,לא פעיל-Ron Lerner,,,לא פעיל-Ron Lerner,לא פעיל-Ron Lerner,,,המרה לפסיכומטרי,yoel geva,FD8A02A5-4A97-E011-8D18-005056BD3748,2011-06-15 12:26:13.000,BB3D9007-DA5D-E011-8A44-005056BD3748,2011-06-15 12:26:13.000,BB3D9007-DA5D-E011-8A44-005056BD3748,,,78FF9CED-FB9D-48C6-A5E7-65452530E32D,0,1,0x00000000000AAE19,,,,,אישיות - מתקבל באמצעות פסיכו בלבד,8AEBCBF2-6287-E011-942D-005056BD3748
Tal Sofer,Tal Sofer,,,Tal Sofer,Tal Sofer,,,המרה לפסיכומטרי,yoel geva,1674D8AB-4A97-E011-8D18-005056BD3748,2011-06-15 12:26:19.000,A7D2E081-D65D-E011-8A44-005056BD3748,2011-06-15 12:26:19.000,A7D2E081-D65D-E011-8A44-005056BD3748,,,78FF9CED-FB9D-48C6-A5E7-65452530E32D,0,1,0x00000000000AAE1A,,,,,אלטרנטיבה - מחיר,8AEBCBF2-6287-E011-942D-005056BD3748
לא פעיל-Ron Lerner,לא פעיל-Ron Lerner,,,לא פעיל-Ron Lerner,לא פעיל-Ron Lerner,,,המרה לפסיכומטרי,yoel geva,2958B1B2-4A97-E011-8D18-005056BD3748,2011-06-15 12:26:37.000,BB3D9007-DA5D-E011-8A44-005056BD3748,2011-06-15 12:26:37.000,BB3D9007-DA5D-E011-8A44-005056BD3748,,,78FF9CED-FB9D-48C6-A5E7-65452530E32D,0,1,0x00000000000AAE1C,,,,,אישיות - קורס פסיכומטרי מקדם יותר,8AEBCBF2-6287-E011-942D-005056BD3748
Tal Sofer,Tal Sofer,,,Tal Sofer,Tal Sofer,,,המרה לפסיכומטרי,yoel geva,1480F7BC-4A97-E011-8D18-005056BD3748,2011-06-15 12:26:48.000,A7D2E081-D65D-E011-8A44-005056BD3748,2011-06-15 12:26:48.000,A7D2E081-D65D-E011-8A44-005056BD3748,,,78FF9CED-FB9D-48C6-A5E7-65452530E32D,0,1,0x00000000000AAE1D,,,,,אלטרנטיבה - מתחרים/מכינה,8AEBCBF2-6287-E011-942D-005056BD3748
Tal Sofer,Tal Sofer,,,e4d .,e4d .,,,שינוי מקצוע,yoel geva,841729C7-4A97-E011-8D18-005056BD3748,2011-06-15 12:27:05.000,A7D2E081-D65D-E011-8A44-005056BD3748,2014-10-13 06:28:51.000,3D4185CC-D55D-E011-8A44-005056BD3748,,,78FF9CED-FB9D-48C6-A5E7-65452530E32D,0,1,0x000000000BBCE90B,,,,,יזום - לא מתאים,DBFC228C-6387-E011-942D-005056BD3748
Tal Sofer,Tal Sofer,,,e4d .,e4d .,,,שינוי מקצוע,yoel geva,400C68CD-4A97-E011-8D18-005056BD3748,2011-06-15 12:27:16.000,A7D2E081-D65D-E011-8A44-005056BD3748,2014-10-13 06:28:50.000,3D4185CC-D55D-E011-8A44-005056BD3748,,,78FF9CED-FB9D-48C6-A5E7-65452530E32D,0,1,0x000000000BBCE8F8,,,,,יזום - הפסד שיעורים,DBFC228C-6387-E011-942D-005056BD3748
Tal Sofer,Tal Sofer,,,Tal Sofer,Tal Sofer,,,שינוי מקצוע,yoel geva,D0AF88DA-4A97-E011-8D18-005056BD3748,2011-06-15 12:27:38.000,A7D2E081-D65D-E011-8A44-005056BD3748,2011-06-15 12:27:38.000,A7D2E081-D65D-E011-8A44-005056BD3748,,,78FF9CED-FB9D-48C6-A5E7-65452530E32D,0,1,0x00000000000AAE20,,,,,אלטרנטיבה - לימוד עצמי,DBFC228C-6387-E011-942D-005056BD3748
Tal Sofer,Tal Sofer,,,Tal Sofer,Tal Sofer,,,שינוי מקצוע,yoel geva,B6A8A4E3-4A97-E011-8D18-005056BD3748,2011-06-15 12:27:53.000,A7D2E081-D65D-E011-8A44-005056BD3748,2011-06-15 12:27:53.000,A7D2E081-D65D-E011-8A44-005056BD3748,,,78FF9CED-FB9D-48C6-A5E7-65452530E32D,0,1,0x00000000000AAE21,,,,,אלטרנטיבה - מורה פרטי,DBFC228C-6387-E011-942D-005056BD3748
לא פעיל-Ron Lerner,לא פעיל-Ron Lerner,,,לא פעיל-Ron Lerner,לא פעיל-Ron Lerner,,,שינוי מקצוע,yoel geva,B7A8A4E3-4A97-E011-8D18-005056BD3748,2011-06-15 12:27:54.000,BB3D9007-DA5D-E011-8A44-005056BD3748,2011-06-15 12:27:54.000,BB3D9007-DA5D-E011-8A44-005056BD3748,,,78FF9CED-FB9D-48C6-A5E7-65452530E32D,0,1,0x00000000000AAE22,,,,,אישיות - שינוי רמת יחידות - מתאים,DBFC228C-6387-E011-942D-005056BD3748
Tal Sofer,Tal Sofer,,,e4d .,e4d .,,,שינוי מקצוע,yoel geva,FCA566EE-4A97-E011-8D18-005056BD3748,2011-06-15 12:28:11.000,A7D2E081-D65D-E011-8A44-005056BD3748,2014-10-13 06:28:51.000,3D4185CC-D55D-E011-8A44-005056BD3748,,,78FF9CED-FB9D-48C6-A5E7-65452530E32D,0,1,0x000000000BBCE90E,,,,,יזום - שינוי רמת יחידות - לא מתאים,DBFC228C-6387-E011-942D-005056BD3748
Tal Sofer,Tal Sofer,,,Tal Sofer,Tal Sofer,,,שינוי מקצוע,yoel geva,3844D6FB-4A97-E011-8D18-005056BD3748,2011-06-15 12:28:33.000,A7D2E081-D65D-E011-8A44-005056BD3748,2011-06-15 12:28:33.000,A7D2E081-D65D-E011-8A44-005056BD3748,,,78FF9CED-FB9D-48C6-A5E7-65452530E32D,0,1,0x00000000000AAE24,,,,,טכני - חפיפה במערכת השעות,DBFC228C-6387-E011-942D-005056BD3748
Tal Sofer,Tal Sofer,,,Tal Sofer,Tal Sofer,,,שינוי מקצוע,yoel geva,C8010C04-4B97-E011-8D18-005056BD3748,2011-06-15 12:28:47.000,A7D2E081-D65D-E011-8A44-005056BD3748,2011-06-15 12:28:47.000,A7D2E081-D65D-E011-8A44-005056BD3748,,,78FF9CED-FB9D-48C6-A5E7-65452530E32D,0,1,0x00000000000AAE25,,,,,"טכני - אילוץ בי""ס עקב שינוי מערכת",DBFC228C-6387-E011-942D-005056BD3748
לא פעיל-Ron Lerner,לא פעיל-Ron Lerner,,,לא פעיל-Ron Lerner,לא פעיל-Ron Lerner,,,שינוי מקצוע,yoel geva,C9010C04-4B97-E011-8D18-005056BD3748,2011-06-15 12:28:53.000,BB3D9007-DA5D-E011-8A44-005056BD3748,2011-06-15 12:28:53.000,BB3D9007-DA5D-E011-8A44-005056BD3748,,,78FF9CED-FB9D-48C6-A5E7-65452530E32D,0,1,0x00000000000AAE26,,,,,אישיות - שינה כיוון לימודים מהתואר/מוסד המקורי,DBFC228C-6387-E011-942D-005056BD3748
Tal Sofer,Tal Sofer,,,Tal Sofer,Tal Sofer,,,שינוי מקצוע,yoel geva,E403F90A-4B97-E011-8D18-005056BD3748,2011-06-15 12:28:59.000,A7D2E081-D65D-E011-8A44-005056BD3748,2011-06-15 12:28:59.000,A7D2E081-D65D-E011-8A44-005056BD3748,,,78FF9CED-FB9D-48C6-A5E7-65452530E32D,0,1,0x00000000000AAE27,,,,,טכני - טעות טכנית בהרשמה,DBFC228C-6387-E011-942D-005056BD3748
Tal Sofer,Tal Sofer,,,Tal Sofer,Tal Sofer,,,שינוי מקצוע,yoel geva,AC87C016-4B97-E011-8D18-005056BD3748,2011-06-15 12:29:19.000,A7D2E081-D65D-E011-8A44-005056BD3748,2011-06-15 12:29:19.000,A7D2E081-D65D-E011-8A44-005056BD3748,,,78FF9CED-FB9D-48C6-A5E7-65452530E32D,0,1,0x00000000000AAE28,,,,,אישיות - מעדיף בגרות אחרת,DBFC228C-6387-E011-942D-005056BD3748
לא פעיל-Ron Lerner,לא פעיל-Ron Lerner,,,לא פעיל-Ron Lerner,לא פעיל-Ron Lerner,,,שינוי מקצוע,yoel geva,AD87C016-4B97-E011-8D18-005056BD3748,2011-06-15 12:29:23.000,BB3D9007-DA5D-E011-8A44-005056BD3748,2011-06-15 12:29:23.000,BB3D9007-DA5D-E011-8A44-005056BD3748,,,78FF9CED-FB9D-48C6-A5E7-65452530E32D,0,1,0x00000000000AAE29,,,,,אישיות - צבא,DBFC228C-6387-E011-942D-005056BD3748
Tal Sofer,Tal Sofer,,,Tal Sofer,Tal Sofer,,,שינוי מקצוע,yoel geva,1E5D2C1F-4B97-E011-8D18-005056BD3748,2011-06-15 12:29:33.000,A7D2E081-D65D-E011-8A44-005056BD3748,2011-06-15 12:29:33.000,A7D2E081-D65D-E011-8A44-005056BD3748,,,78FF9CED-FB9D-48C6-A5E7-65452530E32D,0,1,0x00000000000AAE2A,,,,,אישיות - מערכת שעות עמוסה,DBFC228C-6387-E011-942D-005056BD3748
לא פעיל-Ron Lerner,לא פעיל-Ron Lerner,,,לא פעיל-Ron Lerner,לא פעיל-Ron Lerner,,,שינוי מקצוע,yoel geva,1F5D2C1F-4B97-E011-8D18-005056BD3748,2011-06-15 12:29:38.000,BB3D9007-DA5D-E011-8A44-005056BD3748,2011-06-15 12:29:38.000,BB3D9007-DA5D-E011-8A44-005056BD3748,,,78FF9CED-FB9D-48C6-A5E7-65452530E32D,0,1,0x00000000000AAE2B,,,,,אישיות - עבודה,DBFC228C-6387-E011-942D-005056BD3748
Tal Sofer,Tal Sofer,,,Tal Sofer,Tal Sofer,,,שינוי מקצוע,yoel geva,B41E9057-4B97-E011-8D18-005056BD3748,2011-06-15 12:31:07.000,A7D2E081-D65D-E011-8A44-005056BD3748,2011-06-15 12:31:07.000,A7D2E081-D65D-E011-8A44-005056BD3748,,,78FF9CED-FB9D-48C6-A5E7-65452530E32D,0,1,0x00000000000AAE2C,,,,,לא מרוצה - מהמורה,DBFC228C-6387-E011-942D-005056BD3748
לא פעיל-Ron Lerner,לא פעיל-Ron Lerner,,,לא פעיל-Ron Lerner,לא פעיל-Ron Lerner,,,הקדמת מועד,yoel geva,6E8FD4F2-6A97-E011-8D18-005056BD3748,2011-06-15 16:17:22.000,BB3D9007-DA5D-E011-8A44-005056BD3748,2011-06-15 16:17:22.000,BB3D9007-DA5D-E011-8A44-005056BD3748,,,78FF9CED-FB9D-48C6-A5E7-65452530E32D,0,1,0x00000000000AB10B,,,,,אישיות - בעיה רפואית/משפחתית,9AFBEA11-6387-E011-942D-005056BD3748
לא פעיל-Ron Lerner,לא פעיל-Ron Lerner,,,לא פעיל-Ron Lerner,לא פעיל-Ron Lerner,,,הקדמת מועד,yoel geva,30961FF9-6A97-E011-8D18-005056BD3748,2011-06-15 16:17:33.000,BB3D9007-DA5D-E011-8A44-005056BD3748,2011-06-15 16:17:33.000,BB3D9007-DA5D-E011-8A44-005056BD3748,,,78FF9CED-FB9D-48C6-A5E7-65452530E32D,0,1,0x00000000000AB10C,,,,,טכני - החלפה בין מועדים,9AFBEA11-6387-E011-942D-005056BD3748
לא פעיל-Ron Lerner,לא פעיל-Ron Lerner,,,לא פעיל-Ron Lerner,לא פעיל-Ron Lerner,,,הקדמת מועד,yoel geva,A27D9BFF-6A97-E011-8D18-005056BD3748,2011-06-15 16:17:44.000,BB3D9007-DA5D-E011-8A44-005056BD3748,2011-06-15 16:17:44.000,BB3D9007-DA5D-E011-8A44-005056BD3748,,,78FF9CED-FB9D-48C6-A5E7-65452530E32D,0,1,0x00000000000AB10D,,,,,אישיות - העדפת מורה,9AFBEA11-6387-E011-942D-005056BD3748
לא פעיל-Ron Lerner,לא פעיל-Ron Lerner,,,לא פעיל-Ron Lerner,לא פעיל-Ron Lerner,,,הקדמת מועד,yoel geva,5A79E505-6B97-E011-8D18-005056BD3748,2011-06-15 16:17:54.000,BB3D9007-DA5D-E011-8A44-005056BD3748,2011-06-15 16:17:54.000,BB3D9007-DA5D-E011-8A44-005056BD3748,,,78FF9CED-FB9D-48C6-A5E7-65452530E32D,0,1,0x00000000000AB10E,,,,,אישיות - חבר,9AFBEA11-6387-E011-942D-005056BD3748
לא פעיל-Ron Lerner,לא פעיל-Ron Lerner,,,לא פעיל-Ron Lerner,לא פעיל-Ron Lerner,,,הקדמת מועד,yoel geva,5B79E505-6B97-E011-8D18-005056BD3748,2011-06-15 16:18:03.000,BB3D9007-DA5D-E011-8A44-005056BD3748,2011-06-15 16:18:03.000,BB3D9007-DA5D-E011-8A44-005056BD3748,,,78FF9CED-FB9D-48C6-A5E7-65452530E32D,0,1,0x00000000000AB10F,,,,,"אישיות - חו""ל",9AFBEA11-6387-E011-942D-005056BD3748
לא פעיל-Ron Lerner,לא פעיל-Ron Lerner,,,לא פעיל-Ron Lerner,לא פעיל-Ron Lerner,,,הקדמת מועד,yoel geva,446CF910-6B97-E011-8D18-005056BD3748,2011-06-15 16:18:13.000,BB3D9007-DA5D-E011-8A44-005056BD3748,2011-06-15 16:18:13.000,BB3D9007-DA5D-E011-8A44-005056BD3748,,,78FF9CED-FB9D-48C6-A5E7-65452530E32D,0,1,0x00000000000AB110,,,,,טכני - טעות טכנית בהרשמה,9AFBEA11-6387-E011-942D-005056BD3748
לא פעיל-Ron Lerner,לא פעיל-Ron Lerner,,,לא פעיל-Ron Lerner,לא פעיל-Ron Lerner,,,הקדמת מועד,yoel geva,456CF910-6B97-E011-8D18-005056BD3748,2011-06-15 16:18:22.000,BB3D9007-DA5D-E011-8A44-005056BD3748,2011-06-15 16:18:22.000,BB3D9007-DA5D-E011-8A44-005056BD3748,,,78FF9CED-FB9D-48C6-A5E7-65452530E32D,0,1,0x00000000000AB111,,,,,טכני - חפיפה במערכת השעות,9AFBEA11-6387-E011-942D-005056BD3748
לא פעיל-Ron Lerner,לא פעיל-Ron Lerner,,,לא פעיל-Ron Lerner,לא פעיל-Ron Lerner,,,הקדמת מועד,yoel geva,F808ED1B-6B97-E011-8D18-005056BD3748,2011-06-15 16:18:31.000,BB3D9007-DA5D-E011-8A44-005056BD3748,2011-06-15 16:18:31.000,BB3D9007-DA5D-E011-8A44-005056BD3748,,,78FF9CED-FB9D-48C6-A5E7-65452530E32D,0,1,0x00000000000AB112,,,,,טכני - לא נמצא קורס מתאים במערכת,9AFBEA11-6387-E011-942D-005056BD3748
לא פעיל-Ron Lerner,לא פעיל-Ron Lerner,,,לא פעיל-Ron Lerner,לא פעיל-Ron Lerner,,,הקדמת מועד,yoel geva,F908ED1B-6B97-E011-8D18-005056BD3748,2011-06-15 16:18:41.000,BB3D9007-DA5D-E011-8A44-005056BD3748,2011-06-15 16:18:41.000,BB3D9007-DA5D-E011-8A44-005056BD3748,,,78FF9CED-FB9D-48C6-A5E7-65452530E32D,0,1,0x00000000000AB113,,,,,אישיות - מעוניין במועד מותאם,9AFBEA11-6387-E011-942D-005056BD3748
לא פעיל-Ron Lerner,לא פעיל-Ron Lerner,,,לא פעיל-Ron Lerner,לא פעיל-Ron Lerner,,,הקדמת מועד,yoel geva,7FBD2728-6B97-E011-8D18-005056BD3748,2011-06-15 16:19:00.000,BB3D9007-DA5D-E011-8A44-005056BD3748,2011-06-15 16:19:00.000,BB3D9007-DA5D-E011-8A44-005056BD3748,,,78FF9CED-FB9D-48C6-A5E7-65452530E32D,0,1,0x00000000000AB115,,,,,אישיות - מרחק,9AFBEA11-6387-E011-942D-005056BD3748
לא פעיל-Ron Lerner,לא פעיל-Ron Lerner,,,לא פעיל-Ron Lerner,לא פעיל-Ron Lerner,,,הקדמת מועד,yoel geva,CAE81032-6B97-E011-8D18-005056BD3748,2011-06-15 16:19:08.000,BB3D9007-DA5D-E011-8A44-005056BD3748,2011-06-15 16:19:08.000,BB3D9007-DA5D-E011-8A44-005056BD3748,,,78FF9CED-FB9D-48C6-A5E7-65452530E32D,0,1,0x00000000000AB116,,,,,אישיות - עבודה,9AFBEA11-6387-E011-942D-005056BD3748
לא פעיל-Ron Lerner,לא פעיל-Ron Lerner,,,לא פעיל-Ron Lerner,לא פעיל-Ron Lerner,,,הקדמת מועד,yoel geva,CBE81032-6B97-E011-8D18-005056BD3748,2011-06-15 16:19:18.000,BB3D9007-DA5D-E011-8A44-005056BD3748,2011-06-15 16:19:18.000,BB3D9007-DA5D-E011-8A44-005056BD3748,,,78FF9CED-FB9D-48C6-A5E7-65452530E32D,0,1,0x00000000000AB117,,,,,אישיות - צבא,9AFBEA11-6387-E011-942D-005056BD3748
לא פעיל-Ron Lerner,לא פעיל-Ron Lerner,,,לא פעיל-Ron Lerner,לא פעיל-Ron Lerner,,,הקפאה,yoel geva,98D34B50-6B97-E011-8D18-005056BD3748,2011-06-15 16:19:59.000,BB3D9007-DA5D-E011-8A44-005056BD3748,2011-06-15 16:19:59.000,BB3D9007-DA5D-E011-8A44-005056BD3748,,,78FF9CED-FB9D-48C6-A5E7-65452530E32D,0,1,0x00000000000AB118,,,,,טכני - אילוץ בית ספר עקב שינוי מערכת,FEC25519-6387-E011-942D-005056BD3748
לא פעיל-Ron Lerner,לא פעיל-Ron Lerner,,,e4d .,e4d .,,,הקפאה,yoel geva,0A1B2A59-6B97-E011-8D18-005056BD3748,2011-06-15 16:20:14.000,BB3D9007-DA5D-E011-8A44-005056BD3748,2014-10-13 06:28:51.000,3D4185CC-D55D-E011-8A44-005056BD3748,,,78FF9CED-FB9D-48C6-A5E7-65452530E32D,0,1,0x000000000BBCE90C,,,,,יזום - לא מתאים,FEC25519-6387-E011-942D-005056BD3748
לא פעיל-Ron Lerner,לא פעיל-Ron Lerner,,,לא פעיל-Ron Lerner,לא פעיל-Ron Lerner,,,הקפאה,yoel geva,0B1B2A59-6B97-E011-8D18-005056BD3748,2011-06-15 16:20:23.000,BB3D9007-DA5D-E011-8A44-005056BD3748,2011-06-15 16:20:23.000,BB3D9007-DA5D-E011-8A44-005056BD3748,,,78FF9CED-FB9D-48C6-A5E7-65452530E32D,0,1,0x00000000000AB11A,,,,,אישיות - בעיה רפואית/משפחתית,FEC25519-6387-E011-942D-005056BD3748
לא פעיל-Ron Lerner,לא פעיל-Ron Lerner,,,e4d .,e4d .,,,הקפאה,yoel geva,CD66BF64-6B97-E011-8D18-005056BD3748,2011-06-15 16:20:42.000,BB3D9007-DA5D-E011-8A44-005056BD3748,2014-10-13 06:28:50.000,3D4185CC-D55D-E011-8A44-005056BD3748,,,78FF9CED-FB9D-48C6-A5E7-65452530E32D,0,1,0x000000000BBCE8F9,,,,,יזום - הפסד שיעורים,FEC25519-6387-E011-942D-005056BD3748
לא פעיל-Ron Lerner,לא פעיל-Ron Lerner,,,לא פעיל-Ron Lerner,לא פעיל-Ron Lerner,,,הקפאה,yoel geva,D681DD71-6B97-E011-8D18-005056BD3748,2011-06-15 16:20:55.000,BB3D9007-DA5D-E011-8A44-005056BD3748,2011-06-15 16:20:55.000,BB3D9007-DA5D-E011-8A44-005056BD3748,,,78FF9CED-FB9D-48C6-A5E7-65452530E32D,0,1,0x00000000000AB11D,,,,,אישיות - הקדמת גיוס,FEC25519-6387-E011-942D-005056BD3748
לא פעיל-Ron Lerner,לא פעיל-Ron Lerner,,,לא פעיל-Ron Lerner,לא פעיל-Ron Lerner,,,הקפאה,yoel geva,D781DD71-6B97-E011-8D18-005056BD3748,2011-06-15 16:21:04.000,BB3D9007-DA5D-E011-8A44-005056BD3748,2011-06-15 16:21:04.000,BB3D9007-DA5D-E011-8A44-005056BD3748,,,78FF9CED-FB9D-48C6-A5E7-65452530E32D,0,1,0x00000000000AB11E,,,,,"אישיות - חו""ל",FEC25519-6387-E011-942D-005056BD3748
לא פעיל-Ron Lerner,לא פעיל-Ron Lerner,,,לא פעיל-Ron Lerner,לא פעיל-Ron Lerner,,,הקפאה,yoel geva,56361C7C-6B97-E011-8D18-005056BD3748,2011-06-15 16:21:13.000,BB3D9007-DA5D-E011-8A44-005056BD3748,2011-06-15 16:21:13.000,BB3D9007-DA5D-E011-8A44-005056BD3748,,,78FF9CED-FB9D-48C6-A5E7-65452530E32D,0,1,0x00000000000AB11F,,,,,טכני - יש חפיפה במערכת,FEC25519-6387-E011-942D-005056BD3748
לא פעיל-Ron Lerner,לא פעיל-Ron Lerner,,,e4d .,e4d .,,,הקפאה,yoel geva,57361C7C-6B97-E011-8D18-005056BD3748,2011-06-15 16:21:20.000,BB3D9007-DA5D-E011-8A44-005056BD3748,2014-10-13 06:28:51.000,3D4185CC-D55D-E011-8A44-005056BD3748,,,78FF9CED-FB9D-48C6-A5E7-65452530E32D,0,1,0x000000000BBCE904,,,,,יזום - לא הושג,FEC25519-6387-E011-942D-005056BD3748
לא פעיל-Ron Lerner,לא פעיל-Ron Lerner,,,לא פעיל-Ron Lerner,לא פעיל-Ron Lerner,,,הקפאה,yoel geva,443E4086-6B97-E011-8D18-005056BD3748,2011-06-15 16:21:30.000,BB3D9007-DA5D-E011-8A44-005056BD3748,2011-06-15 16:21:30.000,BB3D9007-DA5D-E011-8A44-005056BD3748,,,78FF9CED-FB9D-48C6-A5E7-65452530E32D,0,1,0x00000000000AB121,,,,,אישיות - לא מוכן מנטאלית להתחיל ללמוד,FEC25519-6387-E011-942D-005056BD3748
לא פעיל-Ron Lerner,לא פעיל-Ron Lerner,,,לא פעיל-Ron Lerner,לא פעיל-Ron Lerner,,,הקפאה,yoel geva,BC4BDE8E-6B97-E011-8D18-005056BD3748,2011-06-15 16:21:44.000,BB3D9007-DA5D-E011-8A44-005056BD3748,2011-06-15 16:21:44.000,BB3D9007-DA5D-E011-8A44-005056BD3748,,,78FF9CED-FB9D-48C6-A5E7-65452530E32D,0,1,0x00000000000AB122,,,,,לא מרוצה - מהמורה,FEC25519-6387-E011-942D-005056BD3748
לא פעיל-Ron Lerner,לא פעיל-Ron Lerner,,,לא פעיל-Ron Lerner,לא פעיל-Ron Lerner,,,הקפאה,yoel geva,BD4BDE8E-6B97-E011-8D18-005056BD3748,2011-06-15 16:21:52.000,BB3D9007-DA5D-E011-8A44-005056BD3748,2011-06-15 16:21:52.000,BB3D9007-DA5D-E011-8A44-005056BD3748,,,78FF9CED-FB9D-48C6-A5E7-65452530E32D,0,1,0x00000000000AB123,,,,,טכני - לא נמצא קורס מתאים במערכת,FEC25519-6387-E011-942D-005056BD3748
לא פעיל-Ron Lerner,לא פעיל-Ron Lerner,,,לא פעיל-Ron Lerner,לא פעיל-Ron Lerner,,,הקפאה,yoel geva,22114899-6B97-E011-8D18-005056BD3748,2011-06-15 16:22:02.000,BB3D9007-DA5D-E011-8A44-005056BD3748,2011-06-15 16:22:02.000,BB3D9007-DA5D-E011-8A44-005056BD3748,,,78FF9CED-FB9D-48C6-A5E7-65452530E32D,0,1,0x00000000000AB124,,,,,אישיות - מערכת שעות עמוסה,FEC25519-6387-E011-942D-005056BD3748
לא פעיל-Ron Lerner,לא פעיל-Ron Lerner,,,לא פעיל-Ron Lerner,לא פעיל-Ron Lerner,,,הקפאה,yoel geva,23114899-6B97-E011-8D18-005056BD3748,2011-06-15 16:22:10.000,BB3D9007-DA5D-E011-8A44-005056BD3748,2011-06-15 16:22:10.000,BB3D9007-DA5D-E011-8A44-005056BD3748,,,78FF9CED-FB9D-48C6-A5E7-65452530E32D,0,1,0x00000000000AB125,,,,,אישיות - מרחק,FEC25519-6387-E011-942D-005056BD3748
לא פעיל-Ron Lerner,לא פעיל-Ron Lerner,,,לא פעיל-Ron Lerner,לא פעיל-Ron Lerner,,,הקפאה,yoel geva,9C4108A3-6B97-E011-8D18-005056BD3748,2011-06-15 16:22:18.000,BB3D9007-DA5D-E011-8A44-005056BD3748,2011-06-15 16:22:18.000,BB3D9007-DA5D-E011-8A44-005056BD3748,,,78FF9CED-FB9D-48C6-A5E7-65452530E32D,0,1,0x00000000000AB126,,,,,אישיות - עבודה,FEC25519-6387-E011-942D-005056BD3748
לא פעיל-Ron Lerner,לא פעיל-Ron Lerner,,,לא פעיל-Ron Lerner,לא פעיל-Ron Lerner,,,הקפאה,yoel geva,9D4108A3-6B97-E011-8D18-005056BD3748,2011-06-15 16:22:26.000,BB3D9007-DA5D-E011-8A44-005056BD3748,2011-06-15 16:22:26.000,BB3D9007-DA5D-E011-8A44-005056BD3748,,,78FF9CED-FB9D-48C6-A5E7-65452530E32D,0,1,0x00000000000AB127,,,,,אישיות - צבא,FEC25519-6387-E011-942D-005056BD3748
לא פעיל-Ron Lerner,לא פעיל-Ron Lerner,,,לא פעיל-Ron Lerner,לא פעיל-Ron Lerner,,,הקפאה,yoel geva,EAF77AAD-6B97-E011-8D18-005056BD3748,2011-06-15 16:22:35.000,BB3D9007-DA5D-E011-8A44-005056BD3748,2011-06-15 16:22:35.000,BB3D9007-DA5D-E011-8A44-005056BD3748,,,78FF9CED-FB9D-48C6-A5E7-65452530E32D,0,1,0x00000000000AB128,,,,,אישיות - שינה תכנית לימודים,FEC25519-6387-E011-942D-005056BD3748
לא פעיל-Ron Lerner,לא פעיל-Ron Lerner,,,e4d .,e4d .,,,הקפאה,yoel geva,762423B5-6B97-E011-8D18-005056BD3748,2011-06-15 16:22:48.000,BB3D9007-DA5D-E011-8A44-005056BD3748,2014-10-13 06:28:51.000,3D4185CC-D55D-E011-8A44-005056BD3748,,,78FF9CED-FB9D-48C6-A5E7-65452530E32D,0,1,0x000000000BBCE902,,,,,יזום - לא הגיע למבדק,FEC25519-6387-E011-942D-005056BD3748
לא פעיל-Ron Lerner,לא פעיל-Ron Lerner,,,לא פעיל-Ron Lerner,לא פעיל-Ron Lerner,,,הפסקה תמורת חוזר,yoel geva,D23DFED2-6B97-E011-8D18-005056BD3748,2011-06-15 16:23:38.000,BB3D9007-DA5D-E011-8A44-005056BD3748,2011-06-15 16:23:38.000,BB3D9007-DA5D-E011-8A44-005056BD3748,,,78FF9CED-FB9D-48C6-A5E7-65452530E32D,0,1,0x00000000000AB12A,,,,,טכני - אילוץ בית ספר עקב שינוי מערכת,677B9E6F-6387-E011-942D-005056BD3748
לא פעיל-Ron Lerner,לא פעיל-Ron Lerner,,,e4d .,e4d .,,,הפסקה תמורת חוזר,yoel geva,D33DFED2-6B97-E011-8D18-005056BD3748,2011-06-15 16:23:47.000,BB3D9007-DA5D-E011-8A44-005056BD3748,2014-10-13 06:28:51.000,3D4185CC-D55D-E011-8A44-005056BD3748,,,78FF9CED-FB9D-48C6-A5E7-65452530E32D,0,1,0x000000000BBCE90D,,,,,יזום - לא מתאים,677B9E6F-6387-E011-942D-005056BD3748
לא פעיל-Ron Lerner,לא פעיל-Ron Lerner,,,לא פעיל-Ron Lerner,לא פעיל-Ron Lerner,,,הפסקה תמורת חוזר,yoel geva,A04D49DC-6B97-E011-8D18-005056BD3748,2011-06-15 16:23:54.000,BB3D9007-DA5D-E011-8A44-005056BD3748,2011-06-15 16:23:54.000,BB3D9007-DA5D-E011-8A44-005056BD3748,,,78FF9CED-FB9D-48C6-A5E7-65452530E32D,0,1,0x00000000000AB12C,,,,,אישיות - בעיה רפואית/משפחתית,677B9E6F-6387-E011-942D-005056BD3748
לא פעיל-Ron Lerner,לא פעיל-Ron Lerner,,,e4d .,e4d .,,,הפסקה תמורת חוזר,yoel geva,38A917E7-6B97-E011-8D18-005056BD3748,2011-06-15 16:24:12.000,BB3D9007-DA5D-E011-8A44-005056BD3748,2014-10-13 06:28:51.000,3D4185CC-D55D-E011-8A44-005056BD3748,,,78FF9CED-FB9D-48C6-A5E7-65452530E32D,0,1,0x000000000BBCE8FA,,,,,יזום - הפסד שיעורים,677B9E6F-6387-E011-942D-005056BD3748
לא פעיל-Ron Lerner,לא פעיל-Ron Lerner,,,לא פעיל-Ron Lerner,לא פעיל-Ron Lerner,,,הפסקה תמורת חוזר,yoel geva,39A917E7-6B97-E011-8D18-005056BD3748,2011-06-15 16:24:20.000,BB3D9007-DA5D-E011-8A44-005056BD3748,2011-06-15 16:24:20.000,BB3D9007-DA5D-E011-8A44-005056BD3748,,,78FF9CED-FB9D-48C6-A5E7-65452530E32D,0,1,0x00000000000AB12F,,,,,אישיות - הקדמת גיוס,677B9E6F-6387-E011-942D-005056BD3748
לא פעיל-Ron Lerner,לא פעיל-Ron Lerner,,,לא פעיל-Ron Lerner,לא פעיל-Ron Lerner,,,הפסקה תמורת חוזר,yoel geva,7CFE31F0-6B97-E011-8D18-005056BD3748,2011-06-15 16:24:27.000,BB3D9007-DA5D-E011-8A44-005056BD3748,2011-06-15 16:24:27.000,BB3D9007-DA5D-E011-8A44-005056BD3748,,,78FF9CED-FB9D-48C6-A5E7-65452530E32D,0,1,0x00000000000AB130,,,,,"אישיות - חו""ל",677B9E6F-6387-E011-942D-005056BD3748
לא פעיל-Ron Lerner,לא פעיל-Ron Lerner,,,לא פעיל-Ron Lerner,לא פעיל-Ron Lerner,,,הפסקה תמורת חוזר,yoel geva,7DFE31F0-6B97-E011-8D18-005056BD3748,2011-06-15 16:24:35.000,BB3D9007-DA5D-E011-8A44-005056BD3748,2011-06-15 16:24:35.000,BB3D9007-DA5D-E011-8A44-005056BD3748,,,78FF9CED-FB9D-48C6-A5E7-65452530E32D,0,1,0x00000000000AB131,,,,,טכני - יש חפיפה במערכת,677B9E6F-6387-E011-942D-005056BD3748
לא פעיל-Ron Lerner,לא פעיל-Ron Lerner,,,e4d .,e4d .,,,הפסקה תמורת חוזר,yoel geva,5269D1FA-6B97-E011-8D18-005056BD3748,2011-06-15 16:24:45.000,BB3D9007-DA5D-E011-8A44-005056BD3748,2014-10-13 06:28:51.000,3D4185CC-D55D-E011-8A44-005056BD3748,,,78FF9CED-FB9D-48C6-A5E7-65452530E32D,0,1,0x000000000BBCE905,,,,,יזום - לא הושג,677B9E6F-6387-E011-942D-005056BD3748
לא פעיל-Ron Lerner,לא פעיל-Ron Lerner,,,לא פעיל-Ron Lerner,לא פעיל-Ron Lerner,,,הפסקה תמורת חוזר,yoel geva,5369D1FA-6B97-E011-8D18-005056BD3748,2011-06-15 16:24:53.000,BB3D9007-DA5D-E011-8A44-005056BD3748,2011-06-15 16:24:53.000,BB3D9007-DA5D-E011-8A44-005056BD3748,,,78FF9CED-FB9D-48C6-A5E7-65452530E32D,0,1,0x00000000000AB133,,,,,אישיות - לא מוכן מנטאלית להתחיל ללמוד,677B9E6F-6387-E011-942D-005056BD3748
לא פעיל-Ron Lerner,לא פעיל-Ron Lerner,,,לא פעיל-Ron Lerner,לא פעיל-Ron Lerner,,,הפסקה תמורת חוזר,yoel geva,24862706-6C97-E011-8D18-005056BD3748,2011-06-15 16:25:04.000,BB3D9007-DA5D-E011-8A44-005056BD3748,2011-06-15 16:25:04.000,BB3D9007-DA5D-E011-8A44-005056BD3748,,,78FF9CED-FB9D-48C6-A5E7-65452530E32D,0,1,0x00000000000AB134,,,,,לא מרוצה - מהמורה,677B9E6F-6387-E011-942D-005056BD3748
לא פעיל-Ron Lerner,לא פעיל-Ron Lerner,,,לא פעיל-Ron Lerner,לא פעיל-Ron Lerner,,,הפסקה תמורת חוזר,yoel geva,25862706-6C97-E011-8D18-005056BD3748,2011-06-15 16:25:11.000,BB3D9007-DA5D-E011-8A44-005056BD3748,2011-06-15 16:25:11.000,BB3D9007-DA5D-E011-8A44-005056BD3748,,,78FF9CED-FB9D-48C6-A5E7-65452530E32D,0,1,0x00000000000AB135,,,,,טכני - לא נמצא קורס מתאים במערכת,677B9E6F-6387-E011-942D-005056BD3748
לא פעיל-Ron Lerner,לא פעיל-Ron Lerner,,,לא פעיל-Ron Lerner,לא פעיל-Ron Lerner,,,הפסקה תמורת חוזר,yoel geva,CAC8CD0F-6C97-E011-8D18-005056BD3748,2011-06-15 16:25:20.000,BB3D9007-DA5D-E011-8A44-005056BD3748,2011-06-15 16:25:20.000,BB3D9007-DA5D-E011-8A44-005056BD3748,,,78FF9CED-FB9D-48C6-A5E7-65452530E32D,0,1,0x00000000000AB136,,,,,אישיות - מערכת שעות עמוסה,677B9E6F-6387-E011-942D-005056BD3748
לא פעיל-Ron Lerner,לא פעיל-Ron Lerner,,,לא פעיל-Ron Lerner,לא פעיל-Ron Lerner,,,הפסקה תמורת חוזר,yoel geva,CBC8CD0F-6C97-E011-8D18-005056BD3748,2011-06-15 16:25:28.000,BB3D9007-DA5D-E011-8A44-005056BD3748,2011-06-15 16:25:28.000,BB3D9007-DA5D-E011-8A44-005056BD3748,,,78FF9CED-FB9D-48C6-A5E7-65452530E32D,0,1,0x00000000000AB137,,,,,אישיות - מרחק,677B9E6F-6387-E011-942D-005056BD3748
לא פעיל-Ron Lerner,לא פעיל-Ron Lerner,,,לא פעיל-Ron Lerner,לא פעיל-Ron Lerner,,,הפסקה תמורת חוזר,yoel geva,4A31C019-6C97-E011-8D18-005056BD3748,2011-06-15 16:25:37.000,BB3D9007-DA5D-E011-8A44-005056BD3748,2011-06-15 16:25:37.000,BB3D9007-DA5D-E011-8A44-005056BD3748,,,78FF9CED-FB9D-48C6-A5E7-65452530E32D,0,1,0x00000000000AB138,,,,,אישיות - עבודה,677B9E6F-6387-E011-942D-005056BD3748
לא פעיל-Ron Lerner,לא פעיל-Ron Lerner,,,לא פעיל-Ron Lerner,לא פעיל-Ron Lerner,,,הפסקה תמורת חוזר,yoel geva,4B31C019-6C97-E011-8D18-005056BD3748,2011-06-15 16:25:44.000,BB3D9007-DA5D-E011-8A44-005056BD3748,2011-06-15 16:25:44.000,BB3D9007-DA5D-E011-8A44-005056BD3748,,,78FF9CED-FB9D-48C6-A5E7-65452530E32D,0,1,0x00000000000AB139,,,,,אישיות - צבא,677B9E6F-6387-E011-942D-005056BD3748
לא פעיל-Ron Lerner,לא פעיל-Ron Lerner,,,לא פעיל-Ron Lerner,לא פעיל-Ron Lerner,,,הפסקה תמורת חוזר,yoel geva,5C4FD522-6C97-E011-8D18-005056BD3748,2011-06-15 16:25:52.000,BB3D9007-DA5D-E011-8A44-005056BD3748,2011-06-15 16:25:52.000,BB3D9007-DA5D-E011-8A44-005056BD3748,,,78FF9CED-FB9D-48C6-A5E7-65452530E32D,0,1,0x00000000000AB13A,,,,,אישיות - שינה תכנית לימודים,677B9E6F-6387-E011-942D-005056BD3748
לא פעיל-Ron Lerner,לא פעיל-Ron Lerner,,,e4d .,e4d .,,,הפסקה תמורת חוזר,yoel geva,5D4FD522-6C97-E011-8D18-005056BD3748,2011-06-15 16:26:00.000,BB3D9007-DA5D-E011-8A44-005056BD3748,2014-10-13 06:28:51.000,3D4185CC-D55D-E011-8A44-005056BD3748,,,78FF9CED-FB9D-48C6-A5E7-65452530E32D,0,1,0x000000000BBCE903,,,,,יזום - לא הגיע למבדק,677B9E6F-6387-E011-942D-005056BD3748
לא פעיל-Ron Lerner,לא פעיל-Ron Lerner,,,לא פעיל-Ron Lerner,לא פעיל-Ron Lerner,,,שינוי כיתה,yoel geva,3CC99448-6C97-E011-8D18-005056BD3748,2011-06-15 16:26:56.000,BB3D9007-DA5D-E011-8A44-005056BD3748,2011-06-15 16:26:56.000,BB3D9007-DA5D-E011-8A44-005056BD3748,,,78FF9CED-FB9D-48C6-A5E7-65452530E32D,0,1,0x00000000000AB13C,,,,,טכני - אילוץ בית ספר עקב שינוי מערכת,D5847C83-6387-E011-942D-005056BD3748
לא פעיל-Ron Lerner,לא פעיל-Ron Lerner,,,לא פעיל-Ron Lerner,לא פעיל-Ron Lerner,,,שינוי כיתה,yoel geva,3DC99448-6C97-E011-8D18-005056BD3748,2011-06-15 16:27:04.000,BB3D9007-DA5D-E011-8A44-005056BD3748,2011-06-15 16:27:04.000,BB3D9007-DA5D-E011-8A44-005056BD3748,,,78FF9CED-FB9D-48C6-A5E7-65452530E32D,0,1,0x00000000000AB13D,,,,,אישיות - העדפת מורה,D5847C83-6387-E011-942D-005056BD3748
לא פעיל-Ron Lerner,לא פעיל-Ron Lerner,,,e4d .,e4d .,,,שינוי כיתה,yoel geva,36A98452-6C97-E011-8D18-005056BD3748,2011-06-15 16:27:12.000,BB3D9007-DA5D-E011-8A44-005056BD3748,2014-10-13 06:28:51.000,3D4185CC-D55D-E011-8A44-005056BD3748,,,78FF9CED-FB9D-48C6-A5E7-65452530E32D,0,1,0x000000000BBCE8FB,,,,,יזום - הפסד שיעורים,D5847C83-6387-E011-942D-005056BD3748
לא פעיל-Ron Lerner,לא פעיל-Ron Lerner,,,לא פעיל-Ron Lerner,לא פעיל-Ron Lerner,,,שינוי כיתה,yoel geva,37A98452-6C97-E011-8D18-005056BD3748,2011-06-15 16:27:22.000,BB3D9007-DA5D-E011-8A44-005056BD3748,2011-06-15 16:27:22.000,BB3D9007-DA5D-E011-8A44-005056BD3748,,,78FF9CED-FB9D-48C6-A5E7-65452530E32D,0,1,0x00000000000AB13F,,,,,אישיות - חבר,D5847C83-6387-E011-942D-005056BD3748
לא פעיל-Ron Lerner,לא פעיל-Ron Lerner,,,לא פעיל-Ron Lerner,לא פעיל-Ron Lerner,,,שינוי כיתה,yoel geva,42B6905D-6C97-E011-8D18-005056BD3748,2011-06-15 16:27:31.000,BB3D9007-DA5D-E011-8A44-005056BD3748,2011-06-15 16:27:31.000,BB3D9007-DA5D-E011-8A44-005056BD3748,,,78FF9CED-FB9D-48C6-A5E7-65452530E32D,0,1,0x00000000000AB140,,,,,טכני - טעות טכנית בהרשמה,D5847C83-6387-E011-942D-005056BD3748
לא פעיל-Ron Lerner,לא פעיל-Ron Lerner,,,לא פעיל-Ron Lerner,לא פעיל-Ron Lerner,,,שינוי כיתה,yoel geva,43B6905D-6C97-E011-8D18-005056BD3748,2011-06-15 16:27:38.000,BB3D9007-DA5D-E011-8A44-005056BD3748,2011-06-15 16:27:38.000,BB3D9007-DA5D-E011-8A44-005056BD3748,,,78FF9CED-FB9D-48C6-A5E7-65452530E32D,0,1,0x00000000000AB141,,,,,טכני - חפיפה במערכת שעות,D5847C83-6387-E011-942D-005056BD3748
לא פעיל-Ron Lerner,לא פעיל-Ron Lerner,,,לא פעיל-Ron Lerner,לא פעיל-Ron Lerner,,,שינוי כיתה,yoel geva,E484C767-6C97-E011-8D18-005056BD3748,2011-06-15 16:27:48.000,BB3D9007-DA5D-E011-8A44-005056BD3748,2011-06-15 16:27:48.000,BB3D9007-DA5D-E011-8A44-005056BD3748,,,78FF9CED-FB9D-48C6-A5E7-65452530E32D,0,1,0x00000000000AB142,,,,,לא מרוצה - מהמורה,D5847C83-6387-E011-942D-005056BD3748
לא פעיל-Ron Lerner,לא פעיל-Ron Lerner,,,לא פעיל-Ron Lerner,לא פעיל-Ron Lerner,,,שינוי כיתה,yoel geva,E584C767-6C97-E011-8D18-005056BD3748,2011-06-15 16:27:55.000,BB3D9007-DA5D-E011-8A44-005056BD3748,2011-06-15 16:27:55.000,BB3D9007-DA5D-E011-8A44-005056BD3748,,,78FF9CED-FB9D-48C6-A5E7-65452530E32D,0,1,0x00000000000AB143,,,,,טכני - לא נמצא קורס מתאים במערכת השעות,D5847C83-6387-E011-942D-005056BD3748
לא פעיל-Ron Lerner,לא פעיל-Ron Lerner,,,לא פעיל-Ron Lerner,לא פעיל-Ron Lerner,,,שינוי כיתה,yoel geva,E2408E70-6C97-E011-8D18-005056BD3748,2011-06-15 16:28:03.000,BB3D9007-DA5D-E011-8A44-005056BD3748,2011-06-15 16:28:03.000,BB3D9007-DA5D-E011-8A44-005056BD3748,,,78FF9CED-FB9D-48C6-A5E7-65452530E32D,0,1,0x00000000000AB144,,,,,אישיות - עבודה,D5847C83-6387-E011-942D-005056BD3748
לא פעיל-Ron Lerner,לא פעיל-Ron Lerner,,,לא פעיל-Ron Lerner,לא פעיל-Ron Lerner,,,שינוי כיתה,yoel geva,E3408E70-6C97-E011-8D18-005056BD3748,2011-06-15 16:28:11.000,BB3D9007-DA5D-E011-8A44-005056BD3748,2011-06-15 16:28:11.000,BB3D9007-DA5D-E011-8A44-005056BD3748,,,78FF9CED-FB9D-48C6-A5E7-65452530E32D,0,1,0x00000000000AB145,,,,,אישיות - צבא,D5847C83-6387-E011-942D-005056BD3748
לא פעיל-Ron Lerner,לא פעיל-Ron Lerner,,,לא פעיל-Ron Lerner,לא פעיל-Ron Lerner,,,שינוי כיתה,yoel geva,50866F7A-6C97-E011-8D18-005056BD3748,2011-06-15 16:28:19.000,BB3D9007-DA5D-E011-8A44-005056BD3748,2011-06-15 16:28:19.000,BB3D9007-DA5D-E011-8A44-005056BD3748,,,78FF9CED-FB9D-48C6-A5E7-65452530E32D,0,1,0x00000000000AB146,,,,,אישיות - תחבורה/חניה,D5847C83-6387-E011-942D-005056BD3748
לא פעיל-Ron Lerner,לא פעיל-Ron Lerner,,,לא פעיל-Ron Lerner,לא פעיל-Ron Lerner,,,שינוי סניף,yoel geva,3279A8A2-6C97-E011-8D18-005056BD3748,2011-06-15 16:29:27.000,BB3D9007-DA5D-E011-8A44-005056BD3748,2011-06-15 16:29:27.000,BB3D9007-DA5D-E011-8A44-005056BD3748,,,78FF9CED-FB9D-48C6-A5E7-65452530E32D,0,1,0x00000000000AB156,,,,,טכני - אילוץ בית ספר עקב שינוי מערכת,D1BAE092-6387-E011-942D-005056BD3748
לא פעיל-Ron Lerner,לא פעיל-Ron Lerner,,,לא פעיל-Ron Lerner,לא פעיל-Ron Lerner,,,שינוי סניף,yoel geva,8A12F0A8-6C97-E011-8D18-005056BD3748,2011-06-15 16:29:37.000,BB3D9007-DA5D-E011-8A44-005056BD3748,2011-06-15 16:29:37.000,BB3D9007-DA5D-E011-8A44-005056BD3748,,,78FF9CED-FB9D-48C6-A5E7-65452530E32D,0,1,0x00000000000AB157,,,,,אישיות - העדפת מורה,D1BAE092-6387-E011-942D-005056BD3748
לא פעיל-Ron Lerner,לא פעיל-Ron Lerner,,,e4d .,e4d .,,,שינוי סניף,yoel geva,8B12F0A8-6C97-E011-8D18-005056BD3748,2011-06-15 16:29:46.000,BB3D9007-DA5D-E011-8A44-005056BD3748,2014-10-13 06:28:51.000,3D4185CC-D55D-E011-8A44-005056BD3748,,,78FF9CED-FB9D-48C6-A5E7-65452530E32D,0,1,0x000000000BBCE8FC,,,,,יזום - הפסד שיעורים,D1BAE092-6387-E011-942D-005056BD3748
לא פעיל-Ron Lerner,לא פעיל-Ron Lerner,,,לא פעיל-Ron Lerner,לא פעיל-Ron Lerner,,,שינוי סניף,yoel geva,90CAABB2-6C97-E011-8D18-005056BD3748,2011-06-15 16:29:54.000,BB3D9007-DA5D-E011-8A44-005056BD3748,2011-06-15 16:29:54.000,BB3D9007-DA5D-E011-8A44-005056BD3748,,,78FF9CED-FB9D-48C6-A5E7-65452530E32D,0,1,0x00000000000AB159,,,,,אישיות - חבר,D1BAE092-6387-E011-942D-005056BD3748
לא פעיל-Ron Lerner,לא פעיל-Ron Lerner,,,לא פעיל-Ron Lerner,לא פעיל-Ron Lerner,,,שינוי סניף,yoel geva,91CAABB2-6C97-E011-8D18-005056BD3748,2011-06-15 16:30:01.000,BB3D9007-DA5D-E011-8A44-005056BD3748,2011-06-15 16:30:01.000,BB3D9007-DA5D-E011-8A44-005056BD3748,,,78FF9CED-FB9D-48C6-A5E7-65452530E32D,0,1,0x00000000000AB15A,,,,,טכני - טעות טכנית בהרשמה,D1BAE092-6387-E011-942D-005056BD3748
לא פעיל-Ron Lerner,לא פעיל-Ron Lerner,,,לא פעיל-Ron Lerner,לא פעיל-Ron Lerner,,,שינוי סניף,yoel geva,44669CBB-6C97-E011-8D18-005056BD3748,2011-06-15 16:30:09.000,BB3D9007-DA5D-E011-8A44-005056BD3748,2011-06-15 16:30:09.000,BB3D9007-DA5D-E011-8A44-005056BD3748,,,78FF9CED-FB9D-48C6-A5E7-65452530E32D,0,1,0x00000000000AB15B,,,,,טכני - חפיפה במערכת שעות,D1BAE092-6387-E011-942D-005056BD3748
לא פעיל-Ron Lerner,לא פעיל-Ron Lerner,,,לא פעיל-Ron Lerner,לא פעיל-Ron Lerner,,,שינוי סניף,yoel geva,45669CBB-6C97-E011-8D18-005056BD3748,2011-06-15 16:30:16.000,BB3D9007-DA5D-E011-8A44-005056BD3748,2011-06-15 16:30:16.000,BB3D9007-DA5D-E011-8A44-005056BD3748,,,78FF9CED-FB9D-48C6-A5E7-65452530E32D,0,1,0x00000000000AB15C,,,,,טכני - לא נמצא קורס מתאים במערכת,D1BAE092-6387-E011-942D-005056BD3748
לא פעיל-Ron Lerner,לא פעיל-Ron Lerner,,,לא פעיל-Ron Lerner,לא פעיל-Ron Lerner,,,שינוי סניף,yoel geva,AA8962C4-6C97-E011-8D18-005056BD3748,2011-06-15 16:30:23.000,BB3D9007-DA5D-E011-8A44-005056BD3748,2011-06-15 16:30:23.000,BB3D9007-DA5D-E011-8A44-005056BD3748,,,78FF9CED-FB9D-48C6-A5E7-65452530E32D,0,1,0x00000000000AB15D,,,,,אישיות - מרחק,D1BAE092-6387-E011-942D-005056BD3748
לא פעיל-Ron Lerner,לא פעיל-Ron Lerner,,,לא פעיל-Ron Lerner,לא פעיל-Ron Lerner,,,שינוי סניף,yoel geva,AB8962C4-6C97-E011-8D18-005056BD3748,2011-06-15 16:30:30.000,BB3D9007-DA5D-E011-8A44-005056BD3748,2011-06-15 16:30:30.000,BB3D9007-DA5D-E011-8A44-005056BD3748,,,78FF9CED-FB9D-48C6-A5E7-65452530E32D,0,1,0x00000000000AB15E,,,,,אישיות - עבודה,D1BAE092-6387-E011-942D-005056BD3748
לא פעיל-Ron Lerner,לא פעיל-Ron Lerner,,,לא פעיל-Ron Lerner,לא פעיל-Ron Lerner,,,שינוי סניף,yoel geva,CA26E8CC-6C97-E011-8D18-005056BD3748,2011-06-15 16:30:38.000,BB3D9007-DA5D-E011-8A44-005056BD3748,2011-06-15 16:30:38.000,BB3D9007-DA5D-E011-8A44-005056BD3748,,,78FF9CED-FB9D-48C6-A5E7-65452530E32D,0,1,0x00000000000AB15F,,,,,אישיות - צבא,D1BAE092-6387-E011-942D-005056BD3748
לא פעיל-Ron Lerner,לא פעיל-Ron Lerner,,,לא פעיל-Ron Lerner,לא פעיל-Ron Lerner,,,שינוי סניף,yoel geva,CB26E8CC-6C97-E011-8D18-005056BD3748,2011-06-15 16:30:45.000,BB3D9007-DA5D-E011-8A44-005056BD3748,2011-06-15 16:30:45.000,BB3D9007-DA5D-E011-8A44-005056BD3748,,,78FF9CED-FB9D-48C6-A5E7-65452530E32D,0,1,0x00000000000AB160,,,,,אישיות - תחבורה/חנייה,D1BAE092-6387-E011-942D-005056BD3748
Tal Sofer,Tal Sofer,,,Tal Sofer,Tal Sofer,,,הפשרה,yoel geva,AFBDDDB1-32DD-E011-9B7C-005056BD3748,2011-09-12 11:31:03.000,A7D2E081-D65D-E011-8A44-005056BD3748,2011-09-12 11:31:03.000,A7D2E081-D65D-E011-8A44-005056BD3748,,,78FF9CED-FB9D-48C6-A5E7-65452530E32D,0,1,0x0000000000F6CD63,,,,,הפשרה,88C3ADFA-6287-E011-942D-005056BD3748
Tal Sofer,Tal Sofer,,,Tal Sofer,Tal Sofer,,,שיבוץ,yoel geva,9FE224C4-32DD-E011-9B7C-005056BD3748,2011-09-12 11:31:33.000,A7D2E081-D65D-E011-8A44-005056BD3748,2011-09-12 11:31:33.000,A7D2E081-D65D-E011-8A44-005056BD3748,,,78FF9CED-FB9D-48C6-A5E7-65452530E32D,0,1,0x0000000000F6CD64,,,,,שיבוץ,07C46277-6387-E011-942D-005056BD3748
Tal Sofer,Tal Sofer,,,Tal Sofer,Tal Sofer,,,ביטול,yoel geva,F30110AF-6E1A-E111-B09A-005056BD3748,2011-11-29 09:44:09.000,A7D2E081-D65D-E011-8A44-005056BD3748,2011-11-29 09:44:09.000,A7D2E081-D65D-E011-8A44-005056BD3748,,,78FF9CED-FB9D-48C6-A5E7-65452530E32D,0,1,0x0000000002ABEA12,,,,,הסבה,1B96B5C1-6287-E011-942D-005056BD3748
Tal Sofer,Tal Sofer,,,Tal Sofer,Tal Sofer,,,דחיית מועד עם קנס - לא להשתמש!,yoel geva,C5BD00B6-6E1A-E111-B09A-005056BD3748,2011-11-29 09:44:21.000,A7D2E081-D65D-E011-8A44-005056BD3748,2011-11-29 09:44:21.000,A7D2E081-D65D-E011-8A44-005056BD3748,,,78FF9CED-FB9D-48C6-A5E7-65452530E32D,0,1,0x0000000002ABEA13,,,,,הסבה,3C000375-86D9-E011-934B-005056BD3748
Tal Sofer,Tal Sofer,,,Tal Sofer,Tal Sofer,,,דחיית מועד,yoel geva,C92269BD-6E1A-E111-B09A-005056BD3748,2011-11-29 09:44:33.000,A7D2E081-D65D-E011-8A44-005056BD3748,2011-11-29 09:44:33.000,A7D2E081-D65D-E011-8A44-005056BD3748,,,78FF9CED-FB9D-48C6-A5E7-65452530E32D,0,1,0x0000000002ABEA14,,,,,הסבה,54918CD7-6287-E011-942D-005056BD3748
Tal Sofer,Tal Sofer,,,Tal Sofer,Tal Sofer,,,המרה לבגרות,yoel geva,456B3DC5-6E1A-E111-B09A-005056BD3748,2011-11-29 09:44:46.000,A7D2E081-D65D-E011-8A44-005056BD3748,2011-11-29 09:45:43.000,A7D2E081-D65D-E011-8A44-005056BD3748,,,78FF9CED-FB9D-48C6-A5E7-65452530E32D,0,1,0x0000000002ABEA18,,,,,הסבה,C06A08E6-6287-E011-942D-005056BD3748
Tal Sofer,Tal Sofer,,,Tal Sofer,Tal Sofer,,,המרה לפסיכומטרי,yoel geva,6D7527CD-6E1A-E111-B09A-005056BD3748,2011-11-29 09:44:59.000,A7D2E081-D65D-E011-8A44-005056BD3748,2011-11-29 09:46:03.000,A7D2E081-D65D-E011-8A44-005056BD3748,,,78FF9CED-FB9D-48C6-A5E7-65452530E32D,0,1,0x0000000002ABEA19,,,,,הסבה,8AEBCBF2-6287-E011-942D-005056BD3748
Tal Sofer,Tal Sofer,,,Tal Sofer,Tal Sofer,,,הפשרה,yoel geva,6F7527CD-6E1A-E111-B09A-005056BD3748,2011-11-29 09:45:08.000,A7D2E081-D65D-E011-8A44-005056BD3748,2011-11-29 09:46:13.000,A7D2E081-D65D-E011-8A44-005056BD3748,,,78FF9CED-FB9D-48C6-A5E7-65452530E32D,0,1,0x0000000002ABEA1A,,,,,הסבה,88C3ADFA-6287-E011-942D-005056BD3748
Tal Sofer,Tal Sofer,,,Tal Sofer,Tal Sofer,,,הקדמת מועד,yoel geva,8F88691E-6F1A-E111-B09A-005056BD3748,2011-11-29 09:47:16.000,A7D2E081-D65D-E011-8A44-005056BD3748,2011-11-29 09:47:16.000,A7D2E081-D65D-E011-8A44-005056BD3748,,,78FF9CED-FB9D-48C6-A5E7-65452530E32D,0,1,0x0000000002ABEA1B,,,,,הסבה,9AFBEA11-6387-E011-942D-005056BD3748
Tal Sofer,Tal Sofer,,,Tal Sofer,Tal Sofer,,,הקפאה,yoel geva,95A78925-6F1A-E111-B09A-005056BD3748,2011-11-29 09:47:28.000,A7D2E081-D65D-E011-8A44-005056BD3748,2011-11-29 09:47:28.000,A7D2E081-D65D-E011-8A44-005056BD3748,,,78FF9CED-FB9D-48C6-A5E7-65452530E32D,0,1,0x0000000002ABEA1C,,,,,הסבה,FEC25519-6387-E011-942D-005056BD3748
Tal Sofer,Tal Sofer,,,Tal Sofer,Tal Sofer,,,הפסקה תמורת חוזר,yoel geva,0DA1112C-6F1A-E111-B09A-005056BD3748,2011-11-29 09:47:39.000,A7D2E081-D65D-E011-8A44-005056BD3748,2011-11-29 09:47:39.000,A7D2E081-D65D-E011-8A44-005056BD3748,,,78FF9CED-FB9D-48C6-A5E7-65452530E32D,0,1,0x0000000002ABEA1D,,,,,הסבה,677B9E6F-6387-E011-942D-005056BD3748
Tal Sofer,Tal Sofer,,,Tal Sofer,Tal Sofer,,,שיבוץ,yoel geva,77677533-6F1A-E111-B09A-005056BD3748,2011-11-29 09:47:51.000,A7D2E081-D65D-E011-8A44-005056BD3748,2011-11-29 09:47:51.000,A7D2E081-D65D-E011-8A44-005056BD3748,,,78FF9CED-FB9D-48C6-A5E7-65452530E32D,0,1,0x0000000002ABEA1E,,,,,הסבה,07C46277-6387-E011-942D-005056BD3748
Tal Sofer,Tal Sofer,,,Tal Sofer,Tal Sofer,,,שינוי מקצוע,yoel geva,C1BA853A-6F1A-E111-B09A-005056BD3748,2011-11-29 09:48:03.000,A7D2E081-D65D-E011-8A44-005056BD3748,2011-11-29 09:48:03.000,A7D2E081-D65D-E011-8A44-005056BD3748,,,78FF9CED-FB9D-48C6-A5E7-65452530E32D,0,1,0x0000000002ABEA1F,,,,,הסבה,DBFC228C-6387-E011-942D-005056BD3748
Tal Sofer,Tal Sofer,,,Tal Sofer,Tal Sofer,,,שינוי כיתה,yoel geva,39268041-6F1A-E111-B09A-005056BD3748,2011-11-29 09:48:15.000,A7D2E081-D65D-E011-8A44-005056BD3748,2011-11-29 09:48:15.000,A7D2E081-D65D-E011-8A44-005056BD3748,,,78FF9CED-FB9D-48C6-A5E7-65452530E32D,0,1,0x0000000002ABEA20,,,,,הסבה,D5847C83-6387-E011-942D-005056BD3748
Tal Sofer,Tal Sofer,,,Tal Sofer,Tal Sofer,,,שינוי סניף,yoel geva,D5EDB84E-6F1A-E111-B09A-005056BD3748,2011-11-29 09:48:37.000,A7D2E081-D65D-E011-8A44-005056BD3748,2011-11-29 09:48:37.000,A7D2E081-D65D-E011-8A44-005056BD3748,,,78FF9CED-FB9D-48C6-A5E7-65452530E32D,0,1,0x0000000002ABEA22,,,,,הסבה,D1BAE092-6387-E011-942D-005056BD3748
e4d .,e4d .,,,e4d .,e4d .,,,שינוי מקצוע,yoel geva,C1D4EACF-8F1B-E111-B09A-005056BD3748,2011-11-30 20:13:49.000,3D4185CC-D55D-E011-8A44-005056BD3748,2011-11-30 20:13:49.000,3D4185CC-D55D-E011-8A44-005056BD3748,,,78FF9CED-FB9D-48C6-A5E7-65452530E32D,0,1,0x0000000002BBE2DE,,,,,החלטת יועץ,DBFC228C-6387-E011-942D-005056BD3748
e4d .,e4d .,,,e4d .,e4d .,,,הקדמת מועד,yoel geva,303D28D9-8F1B-E111-B09A-005056BD3748,2011-11-30 20:14:04.000,3D4185CC-D55D-E011-8A44-005056BD3748,2011-11-30 20:14:04.000,3D4185CC-D55D-E011-8A44-005056BD3748,,,78FF9CED-FB9D-48C6-A5E7-65452530E32D,0,1,0x0000000002BBE2DF,,,,,החלטת יועץ,9AFBEA11-6387-E011-942D-005056BD3748
e4d .,e4d .,,,e4d .,e4d .,,,שינוי כיתה,yoel geva,EBE8F5E0-8F1B-E111-B09A-005056BD3748,2011-11-30 20:14:17.000,3D4185CC-D55D-E011-8A44-005056BD3748,2011-11-30 20:14:17.000,3D4185CC-D55D-E011-8A44-005056BD3748,,,78FF9CED-FB9D-48C6-A5E7-65452530E32D,0,1,0x0000000002BBE2E0,,,,,החלטת יועץ,D5847C83-6387-E011-942D-005056BD3748
e4d .,e4d .,,,e4d .,e4d .,,,ביטול,yoel geva,198C87E7-8F1B-E111-B09A-005056BD3748,2011-11-30 20:14:28.000,3D4185CC-D55D-E011-8A44-005056BD3748,2011-11-30 20:14:28.000,3D4185CC-D55D-E011-8A44-005056BD3748,,,78FF9CED-FB9D-48C6-A5E7-65452530E32D,0,1,0x0000000002BBE2E1,,,,,החלטת יועץ,1B96B5C1-6287-E011-942D-005056BD3748
e4d .,e4d .,,,e4d .,e4d .,,,דחיית מועד,yoel geva,6C6145F2-8F1B-E111-B09A-005056BD3748,2011-11-30 20:14:46.000,3D4185CC-D55D-E011-8A44-005056BD3748,2011-11-30 20:14:46.000,3D4185CC-D55D-E011-8A44-005056BD3748,,,78FF9CED-FB9D-48C6-A5E7-65452530E32D,0,1,0x0000000002BBE2E2,,,,,החלטת יועץ,54918CD7-6287-E011-942D-005056BD3748
e4d .,e4d .,,,e4d .,e4d .,,,המרה לפסיכומטרי,yoel geva,35C43FF9-8F1B-E111-B09A-005056BD3748,2011-11-30 20:14:58.000,3D4185CC-D55D-E011-8A44-005056BD3748,2011-11-30 20:14:58.000,3D4185CC-D55D-E011-8A44-005056BD3748,,,78FF9CED-FB9D-48C6-A5E7-65452530E32D,0,1,0x0000000002BBE2E3,,,,,החלטת יועץ,8AEBCBF2-6287-E011-942D-005056BD3748
e4d .,e4d .,,,e4d .,e4d .,,,הקפאה,yoel geva,01132B02-901B-E111-B09A-005056BD3748,2011-11-30 20:15:13.000,3D4185CC-D55D-E011-8A44-005056BD3748,2011-11-30 20:15:13.000,3D4185CC-D55D-E011-8A44-005056BD3748,,,78FF9CED-FB9D-48C6-A5E7-65452530E32D,0,1,0x0000000002BBE2E4,,,,,החלטת יועץ,FEC25519-6387-E011-942D-005056BD3748
e4d .,e4d .,,,e4d .,e4d .,,,הפסקה תמורת חוזר,yoel geva,90E30D0B-901B-E111-B09A-005056BD3748,2011-11-30 20:15:28.000,3D4185CC-D55D-E011-8A44-005056BD3748,2011-11-30 20:15:28.000,3D4185CC-D55D-E011-8A44-005056BD3748,,,78FF9CED-FB9D-48C6-A5E7-65452530E32D,0,1,0x0000000002BBE2E5,,,,,החלטת יועץ,677B9E6F-6387-E011-942D-005056BD3748
e4d .,e4d .,,,e4d .,e4d .,,,שינוי סניף,yoel geva,8F344C13-901B-E111-B09A-005056BD3748,2011-11-30 20:15:42.000,3D4185CC-D55D-E011-8A44-005056BD3748,2011-11-30 20:15:42.000,3D4185CC-D55D-E011-8A44-005056BD3748,,,78FF9CED-FB9D-48C6-A5E7-65452530E32D,0,1,0x0000000002BBE2E6,,,,,החלטת יועץ,D1BAE092-6387-E011-942D-005056BD3748
e4d .,e4d .,,,e4d .,e4d .,,,המרה לבגרות,yoel geva,9CEEBD25-901B-E111-B09A-005056BD3748,2011-11-30 20:16:13.000,3D4185CC-D55D-E011-8A44-005056BD3748,2011-11-30 20:16:13.000,3D4185CC-D55D-E011-8A44-005056BD3748,,,78FF9CED-FB9D-48C6-A5E7-65452530E32D,0,1,0x0000000002BBE2E7,,,,,החלטת יועץ,C06A08E6-6287-E011-942D-005056BD3748
Tal Sofer,Tal Sofer,,,Tal Sofer,Tal Sofer,,,דחיית מועד עם קנס - לא להשתמש!,yoel geva,7D73D88F-9919-E111-B8F6-005056BD3748,2011-11-28 08:18:34.000,A7D2E081-D65D-E011-8A44-005056BD3748,2011-11-28 08:18:34.000,A7D2E081-D65D-E011-8A44-005056BD3748,,,78FF9CED-FB9D-48C6-A5E7-65452530E32D,0,1,0x0000000002ABBED0,,,,,אישיות - העדפת מורה,3C000375-86D9-E011-934B-005056BD3748
Tal Sofer,Tal Sofer,,,Tal Sofer,Tal Sofer,,,דחיית מועד עם קנס - לא להשתמש!,yoel geva,39F3C1B5-9919-E111-B8F6-005056BD3748,2011-11-28 08:19:37.000,A7D2E081-D65D-E011-8A44-005056BD3748,2011-11-28 08:19:37.000,A7D2E081-D65D-E011-8A44-005056BD3748,,,78FF9CED-FB9D-48C6-A5E7-65452530E32D,0,1,0x0000000002ABBED1,,,,,אישיות - הפסיד שיעור,3C000375-86D9-E011-934B-005056BD3748
Tal Sofer,Tal Sofer,,,Tal Sofer,Tal Sofer,,,דחיית מועד עם קנס - לא להשתמש!,yoel geva,5FC776BC-9919-E111-B8F6-005056BD3748,2011-11-28 08:19:49.000,A7D2E081-D65D-E011-8A44-005056BD3748,2011-11-28 08:19:49.000,A7D2E081-D65D-E011-8A44-005056BD3748,,,78FF9CED-FB9D-48C6-A5E7-65452530E32D,0,1,0x0000000002ABBED2,,,,,אישיות - חבר,3C000375-86D9-E011-934B-005056BD3748
Tal Sofer,Tal Sofer,,,Tal Sofer,Tal Sofer,,,דחיית מועד עם קנס - לא להשתמש!,yoel geva,490DD9C2-9919-E111-B8F6-005056BD3748,2011-11-28 08:19:59.000,A7D2E081-D65D-E011-8A44-005056BD3748,2011-11-28 08:19:59.000,A7D2E081-D65D-E011-8A44-005056BD3748,,,78FF9CED-FB9D-48C6-A5E7-65452530E32D,0,1,0x0000000002ABBED3,,,,,"אישיות - חו""ל",3C000375-86D9-E011-934B-005056BD3748
Tal Sofer,Tal Sofer,,,Tal Sofer,Tal Sofer,,,דחיית מועד עם קנס - לא להשתמש!,yoel geva,2D8679CE-9919-E111-B8F6-005056BD3748,2011-11-28 08:20:19.000,A7D2E081-D65D-E011-8A44-005056BD3748,2011-11-28 08:20:19.000,A7D2E081-D65D-E011-8A44-005056BD3748,,,78FF9CED-FB9D-48C6-A5E7-65452530E32D,0,1,0x0000000002ABBED4,,,,,אישיות - לא מוכן מנטאלית להתחיל ללמוד,3C000375-86D9-E011-934B-005056BD3748
Tal Sofer,Tal Sofer,,,Tal Sofer,Tal Sofer,,,דחיית מועד עם קנס - לא להשתמש!,yoel geva,D74BBCF5-9919-E111-B8F6-005056BD3748,2011-11-28 08:21:25.000,A7D2E081-D65D-E011-8A44-005056BD3748,2011-11-28 08:21:25.000,A7D2E081-D65D-E011-8A44-005056BD3748,,,78FF9CED-FB9D-48C6-A5E7-65452530E32D,0,1,0x0000000002ABBED8,,,,,אישיות - מרחק,3C000375-86D9-E011-934B-005056BD3748
Tal Sofer,Tal Sofer,,,Tal Sofer,Tal Sofer,,,דחיית מועד עם קנס - לא להשתמש!,yoel geva,59DAD906-9A19-E111-B8F6-005056BD3748,2011-11-28 08:21:53.000,A7D2E081-D65D-E011-8A44-005056BD3748,2011-11-28 08:21:53.000,A7D2E081-D65D-E011-8A44-005056BD3748,,,78FF9CED-FB9D-48C6-A5E7-65452530E32D,0,1,0x0000000002ABBEDA,,,,,אישיות - עבודה,3C000375-86D9-E011-934B-005056BD3748
Tal Sofer,Tal Sofer,,,Tal Sofer,Tal Sofer,,,דחיית מועד עם קנס - לא להשתמש!,yoel geva,61B3B10D-9A19-E111-B8F6-005056BD3748,2011-11-28 08:22:05.000,A7D2E081-D65D-E011-8A44-005056BD3748,2011-11-28 08:22:05.000,A7D2E081-D65D-E011-8A44-005056BD3748,,,78FF9CED-FB9D-48C6-A5E7-65452530E32D,0,1,0x0000000002ABBEDB,,,,,אישיות - צבא,3C000375-86D9-E011-934B-005056BD3748
Tal Sofer,Tal Sofer,,,Tal Sofer,Tal Sofer,,,דחיית מועד עם קנס - לא להשתמש!,yoel geva,F975F728-9A19-E111-B8F6-005056BD3748,2011-11-28 08:22:51.000,A7D2E081-D65D-E011-8A44-005056BD3748,2011-11-28 08:22:51.000,A7D2E081-D65D-E011-8A44-005056BD3748,,,78FF9CED-FB9D-48C6-A5E7-65452530E32D,0,1,0x0000000002ABBEDC,,,,,טכני - אילוץ בית ספר עקב שינוי מערכת,3C000375-86D9-E011-934B-005056BD3748
Tal Sofer,Tal Sofer,,,Tal Sofer,Tal Sofer,,,דחיית מועד עם קנס - לא להשתמש!,yoel geva,C3531432-9A19-E111-B8F6-005056BD3748,2011-11-28 08:23:06.000,A7D2E081-D65D-E011-8A44-005056BD3748,2011-11-28 08:23:06.000,A7D2E081-D65D-E011-8A44-005056BD3748,,,78FF9CED-FB9D-48C6-A5E7-65452530E32D,0,1,0x0000000002ABBEDD,,,,,טכני - החלפה בין מועדים,3C000375-86D9-E011-934B-005056BD3748
Tal Sofer,Tal Sofer,,,Tal Sofer,Tal Sofer,,,דחיית מועד עם קנס - לא להשתמש!,yoel geva,0F3CB93A-9A19-E111-B8F6-005056BD3748,2011-11-28 08:23:20.000,A7D2E081-D65D-E011-8A44-005056BD3748,2011-11-28 08:23:20.000,A7D2E081-D65D-E011-8A44-005056BD3748,,,78FF9CED-FB9D-48C6-A5E7-65452530E32D,0,1,0x0000000002ABBEDE,,,,,טכני - חפיפה במערכת השעות,3C000375-86D9-E011-934B-005056BD3748
Tal Sofer,Tal Sofer,,,Tal Sofer,Tal Sofer,,,ביטול,yoel geva,FFEE81A0-8FD8-E511-8C72-005056BD5C9D,2016-02-21 11:38:33.000,A7D2E081-D65D-E011-8A44-005056BD3748,2016-02-21 11:38:33.000,A7D2E081-D65D-E011-8A44-005056BD3748,,,78FF9CED-FB9D-48C6-A5E7-65452530E32D,0,1,0x00000000123FDAEC,,,,,טכני - דחייה עם קנס,1B96B5C1-6287-E011-942D-005056BD3748
לא פעיל - Michal Rozental,לא פעיל - Michal Rozental,,,לא פעיל - Michal Rozental,לא פעיל - Michal Rozental,,,דחיית מועד,yoel geva,789BDAA0-6431-E211-A22E-005056BD5C9D,2012-11-18 09:45:08.000,DB0CF5F3-CACB-E011-A1EC-005056BD3748,2012-11-18 09:45:08.000,DB0CF5F3-CACB-E011-A1EC-005056BD3748,,,78FF9CED-FB9D-48C6-A5E7-65452530E32D,0,1,0x0000000006DFAD95,,,,,אישיות - מצב בטחוני,54918CD7-6287-E011-942D-005056BD3748
לא פעיל - Michal Rozental,לא פעיל - Michal Rozental,,,לא פעיל - Michal Rozental,לא פעיל - Michal Rozental,,,ביטול,yoel geva,52DF1F75-6C31-E211-A22E-005056BD5C9D,2012-11-18 10:41:15.000,DB0CF5F3-CACB-E011-A1EC-005056BD3748,2012-11-18 10:41:15.000,DB0CF5F3-CACB-E011-A1EC-005056BD3748,,,78FF9CED-FB9D-48C6-A5E7-65452530E32D,0,1,0x0000000006DFD5FB,,,,,אישיות - מצב בטחוני,1B96B5C1-6287-E011-942D-005056BD3748
לא פעיל - Michal Rozental,לא פעיל - Michal Rozental,,,לא פעיל - Michal Rozental,לא פעיל - Michal Rozental,,,שינוי סניף,yoel geva,49DB4FB5-3C32-E211-A22E-005056BD5C9D,2012-11-19 11:31:55.000,DB0CF5F3-CACB-E011-A1EC-005056BD3748,2012-11-19 11:31:55.000,DB0CF5F3-CACB-E011-A1EC-005056BD3748,,,78FF9CED-FB9D-48C6-A5E7-65452530E32D,0,1,0x0000000006E1886F,,,,,אישיות - מצב בטחוני,D1BAE092-6387-E011-942D-005056BD3748
לא פעיל - Shaked Galgut,לא פעיל - Shaked Galgut,,,לא פעיל - Shaked Galgut,לא פעיל - Shaked Galgut,,,ביטול,yoel geva,39DCE942-ADC1-E411-A56B-005056BD5C9D,2015-03-03 13:57:43.000,AAB8B074-6645-E311-A9A0-005056BD5C9D,2015-03-03 13:57:43.000,AAB8B074-6645-E311-A9A0-005056BD5C9D,,,78FF9CED-FB9D-48C6-A5E7-65452530E32D,0,1,0x000000000D5036E4,,,,,אישיות – יכולת כלכלית,1B96B5C1-6287-E011-942D-005056BD3748
לא פעיל - Shaked Galgut,לא פעיל - Shaked Galgut,,,לא פעיל - Shaked Galgut,לא פעיל - Shaked Galgut,,,שינוי מקצוע,yoel geva,BFB9204B-ADC1-E411-A56B-005056BD5C9D,2015-03-03 13:57:57.000,AAB8B074-6645-E311-A9A0-005056BD5C9D,2015-03-03 13:57:57.000,AAB8B074-6645-E311-A9A0-005056BD5C9D,,,78FF9CED-FB9D-48C6-A5E7-65452530E32D,0,1,0x000000000D5036EC,,,,,אישיות – יכולת כלכלית,DBFC228C-6387-E011-942D-005056BD3748
לא פעיל - Shaked Galgut,לא פעיל - Shaked Galgut,,,לא פעיל - Shaked Galgut,לא פעיל - Shaked Galgut,,,הקפאה,yoel geva,C0B9204B-ADC1-E411-A56B-005056BD5C9D,2015-03-03 13:58:06.000,AAB8B074-6645-E311-A9A0-005056BD5C9D,2015-03-03 13:58:06.000,AAB8B074-6645-E311-A9A0-005056BD5C9D,,,78FF9CED-FB9D-48C6-A5E7-65452530E32D,0,1,0x000000000D5036ED,,,,,אישיות – יכולת כלכלית,FEC25519-6387-E011-942D-005056BD3748
לא פעיל - Shaked Galgut,לא פעיל - Shaked Galgut,,,לא פעיל - Shaked Galgut,לא פעיל - Shaked Galgut,,,המרה לבגרות,yoel geva,51C41D51-ADC1-E411-A56B-005056BD5C9D,2015-03-03 13:58:16.000,AAB8B074-6645-E311-A9A0-005056BD5C9D,2015-03-03 13:58:16.000,AAB8B074-6645-E311-A9A0-005056BD5C9D,,,78FF9CED-FB9D-48C6-A5E7-65452530E32D,0,1,0x000000000D5036F9,,,,,אישיות – יכולת כלכלית,C06A08E6-6287-E011-942D-005056BD3748
לא פעיל - Shaked Galgut,לא פעיל - Shaked Galgut,,,לא פעיל - Shaked Galgut,לא פעיל - Shaked Galgut,,,דחיית מועד,yoel geva,2954B15C-ADC1-E411-A56B-005056BD5C9D,2015-03-03 13:58:26.000,AAB8B074-6645-E311-A9A0-005056BD5C9D,2015-03-03 13:58:26.000,AAB8B074-6645-E311-A9A0-005056BD5C9D,,,78FF9CED-FB9D-48C6-A5E7-65452530E32D,0,1,0x000000000D5036FA,,,,,אישיות – יכולת כלכלית,54918CD7-6287-E011-942D-005056BD3748
Advantech .,Advantech .,,,Advantech .,Advantech .,,,ביטול,yoel geva,395BE792-978B-E611-A75A-005056BD5C9D,2016-10-06 07:36:28.000,0EDCC7DE-E40E-E311-AA40-005056BD5C9D,2016-10-06 07:36:28.000,0EDCC7DE-E40E-E311-AA40-005056BD5C9D,,,78FF9CED-FB9D-48C6-A5E7-65452530E32D,0,1,0x000000001619AF58,,,,,אישיות – התחרט בשיחת מכירה,1B96B5C1-6287-E011-942D-005056BD3748
Tal Sofer,Tal Sofer,,,לא פעיל - TAMIR Tsricker,לא פעיל - TAMIR Tsricker,,,ביטול,yoel geva,9E3E9A42-BB59-E411-A909-005056BD5C9D,2014-10-22 07:15:54.000,A7D2E081-D65D-E011-8A44-005056BD3748,2014-10-22 08:34:45.000,84F875B9-02EF-E311-8ABD-005056BD5C9D,,,78FF9CED-FB9D-48C6-A5E7-65452530E32D,0,1,0x000000000BD530E3,,,,,אישיות - רפורמה,1B96B5C1-6287-E011-942D-005056BD3748
Tal Sofer,Tal Sofer,,,Tal Sofer,Tal Sofer,,,דחיית מועד,yoel geva,B4FB58BD-825A-E411-A909-005056BD5C9D,2014-10-23 07:03:52.000,A7D2E081-D65D-E011-8A44-005056BD3748,2014-10-23 07:03:52.000,A7D2E081-D65D-E011-8A44-005056BD3748,,,78FF9CED-FB9D-48C6-A5E7-65452530E32D,0,1,0x000000000BD826E9,,,,,אישיות - רפורמה,54918CD7-6287-E011-942D-005056BD3748
Tal Sofer,Tal Sofer,,,Tal Sofer,Tal Sofer,,,הקפאה,yoel geva,9032B7D1-825A-E411-A909-005056BD5C9D,2014-10-23 07:04:24.000,A7D2E081-D65D-E011-8A44-005056BD3748,2014-10-23 07:04:24.000,A7D2E081-D65D-E011-8A44-005056BD3748,,,78FF9CED-FB9D-48C6-A5E7-65452530E32D,0,1,0x000000000BD8275B,,,,,אישיות - רפורמה,FEC25519-6387-E011-942D-005056BD3748
Tal Sofer,Tal Sofer,,,Tal Sofer,Tal Sofer,,,המרה לבגרות,yoel geva,28A0790E-835A-E411-A909-005056BD5C9D,2014-10-23 07:06:06.000,A7D2E081-D65D-E011-8A44-005056BD3748,2014-10-23 07:06:06.000,A7D2E081-D65D-E011-8A44-005056BD3748,,,78FF9CED-FB9D-48C6-A5E7-65452530E32D,0,1,0x000000000BD8281C,,,,,אישיות - רפורמה,C06A08E6-6287-E011-942D-005056BD3748
Tal Sofer,Tal Sofer,,,Tal Sofer,Tal Sofer,,,דחיית מועד עם קנס - לא להשתמש!,yoel geva,7A235F21-835A-E411-A909-005056BD5C9D,2014-10-23 07:06:38.000,A7D2E081-D65D-E011-8A44-005056BD3748,2014-10-23 07:06:38.000,A7D2E081-D65D-E011-8A44-005056BD3748,,,78FF9CED-FB9D-48C6-A5E7-65452530E32D,0,1,0x000000000BD82856,,,,,אישיות - רפורמה,3C000375-86D9-E011-934B-005056BD3748
Tal Sofer,Tal Sofer,,,Tal Sofer,Tal Sofer,,,הפסקה תמורת חוזר,yoel geva,6847012A-835A-E411-A909-005056BD5C9D,2014-10-23 07:06:55.000,A7D2E081-D65D-E011-8A44-005056BD3748,2014-10-23 07:06:55.000,A7D2E081-D65D-E011-8A44-005056BD3748,,,78FF9CED-FB9D-48C6-A5E7-65452530E32D,0,1,0x000000000BD828C6,,,,,אישיות - רפורמה,677B9E6F-6387-E011-942D-005056BD3748
Tal Sofer,Tal Sofer,,,Tal Sofer,Tal Sofer,,,שינוי מקצוע,yoel geva,6A4D45E9-835A-E411-A909-005056BD5C9D,2014-10-23 07:12:13.000,A7D2E081-D65D-E011-8A44-005056BD3748,2014-10-23 07:12:13.000,A7D2E081-D65D-E011-8A44-005056BD3748,,,78FF9CED-FB9D-48C6-A5E7-65452530E32D,0,1,0x000000000BD82BDF,,,,,אישיות - רפורמה,DBFC228C-6387-E011-942D-005056BD3748
